,Start,End,Sleep quality,Time in bed,Wake up,Sleep Notes,Heart rate,Activity (steps)
0,2014-12-29 22:57:49,2014-12-30 07:30:13,100%,8:32,:),,59.0,0
1,2014-12-30 21:17:50,2014-12-30 21:33:54,3%,0:16,:|,Stressful day,72.0,0
2,2014-12-30 22:42:49,2014-12-31 07:13:31,98%,8:30,:|,,57.0,0
3,2014-12-31 22:31:01,2015-01-01 06:03:01,65%,7:32,,,60.60493827160494,0
4,2015-01-01 22:12:10,2015-01-02 04:56:35,72%,6:44,:),Drank coffee:Drank tea,68.0,0
5,2015-01-03 00:34:57,2015-01-03 07:47:23,83%,7:12,:),Drank coffee:Drank tea,60.0,0
6,2015-01-04 00:23:06,2015-01-04 07:37:09,78%,7:14,,Drank tea,60.60493827160494,0
7,2015-01-04 21:34:44,2015-01-05 04:53:34,78%,7:18,:),Ate late:Drank coffee,57.0,0
8,2015-01-05 21:32:25,2015-01-06 05:00:03,69%,7:27,:),Drank coffee:Drank tea:Worked out,56.0,0
9,2015-01-06 21:24:56,2015-01-07 05:00:02,74%,7:35,:|,Drank tea:Worked out,64.0,0
10,2015-01-07 20:59:58,2015-01-08 06:19:20,81%,9:19,:),Drank coffee:Drank tea:Stressful day,62.0,0
11,2015-01-08 22:58:18,2015-01-09 06:14:58,88%,7:16,:),Drank coffee:Drank tea,58.0,0
12,2015-01-09 22:27:58,2015-01-10 07:29:00,77%,9:01,:|,Drank coffee:Drank tea,65.0,0
13,2015-01-10 22:38:24,2015-01-11 07:28:59,89%,8:50,:|,Drank coffee:Drank tea,65.0,0
14,2015-01-11 22:12:07,2015-01-12 06:20:29,78%,8:08,:),Drank tea,53.0,0
15,2015-01-12 21:01:46,2015-01-13 06:13:23,100%,9:11,:),Drank tea:Worked out,65.0,0
16,2015-01-13 22:14:29,2015-01-14 06:20:33,100%,8:06,:),Drank coffee:Drank tea,55.0,0
17,2015-01-14 21:48:26,2015-01-15 05:02:05,88%,7:13,:),Drank coffee:Drank tea:Worked out,60.0,0
18,2015-01-15 21:32:07,2015-01-16 04:54:42,87%,7:22,:),Drank tea,60.0,0
19,2015-01-17 02:11:57,2015-01-17 09:03:37,83%,6:51,:),Drank coffee:Drank tea,94.0,0
20,2015-01-17 23:55:16,2015-01-18 07:47:15,93%,7:51,:),Drank coffee:Drank tea,57.0,0
21,2015-01-18 21:51:53,2015-01-19 05:04:18,58%,7:12,:),Drank coffee,67.0,0
22,2015-01-19 05:06:38,2015-01-19 06:20:29,16%,1:13,:),,58.0,0
23,2015-01-19 21:45:19,2015-01-20 05:45:37,75%,8:00,:|,Drank coffee:Drank tea:Worked out,54.0,0
24,2015-01-20 21:42:37,2015-01-21 05:45:22,80%,8:02,:|,Drank coffee:Drank tea:Worked out,60.0,0
25,2015-01-21 22:34:35,2015-01-22 06:17:22,87%,7:42,:),Drank coffee:Drank tea:Worked out,75.0,0
26,2015-01-25 20:55:02,2015-01-26 06:14:59,87%,9:19,:),Drank coffee,58.0,0
27,2015-01-26 22:36:21,2015-01-27 06:11:49,83%,7:35,:|,Drank coffee:Drank tea:Stressful day,66.0,0
28,2015-01-28 21:43:16,2015-01-29 05:20:42,76%,7:37,:),Drank coffee:Drank tea:Stressful day,57.0,0
29,2015-01-29 22:23:40,2015-01-30 05:29:11,67%,7:05,:),Drank coffee:Drank tea:Worked out,63.0,0
30,2015-01-31 00:13:46,2015-01-31 08:17:30,93%,8:03,:),Drank coffee:Drank tea:Stressful day,62.0,0
31,2015-02-01 21:55:59,2015-02-02 05:09:06,64%,7:13,:),Drank coffee:Drank tea,56.0,0
32,2015-02-02 22:30:35,2015-02-03 06:20:29,75%,7:49,:),Drank tea,61.0,0
33,2015-02-03 22:47:33,2015-02-04 06:20:21,72%,7:32,:),Drank coffee:Drank tea,61.0,0
34,2015-02-04 23:03:06,2015-02-05 06:10:44,70%,7:07,:),Drank tea:Worked out,57.0,0
35,2015-02-08 22:30:34,2015-02-09 06:48:30,89%,8:17,:),Drank coffee:Drank tea,61.0,0
36,2015-02-09 21:55:43,2015-02-10 06:13:22,85%,8:17,:),Drank coffee,58.0,0
37,2015-02-10 22:20:46,2015-02-11 06:20:51,59%,8:00,:),Drank coffee,60.0,0
38,2015-02-11 21:53:45,2015-02-12 05:30:25,67%,7:36,:),Drank coffee:Drank tea:Worked out,57.0,0
39,2015-02-12 22:34:54,2015-02-13 05:24:22,69%,6:49,:),Drank coffee:Drank tea:Worked out,53.0,0
40,2015-02-15 22:16:27,2015-02-16 05:20:44,74%,7:04,:),Drank coffee,60.0,0
41,2015-02-17 00:02:30,2015-02-17 06:16:11,78%,6:13,:),Drank coffee:Drank tea:Worked out,65.0,0
42,2015-02-17 22:20:00,2015-02-18 05:05:23,70%,6:45,:),Drank coffee:Drank tea,55.0,0
43,2015-02-19 22:39:45,2015-02-20 06:20:14,77%,7:40,:),Drank coffee:Drank tea:Stressful day,66.0,0
44,2015-02-21 00:31:24,2015-02-21 07:32:22,72%,7:00,:),Drank coffee:Drank tea:Worked out,55.0,0
45,2015-02-21 22:54:00,2015-02-22 07:49:15,92%,8:55,:),Drank coffee:Drank tea,56.0,0
46,2015-02-22 22:18:00,2015-02-23 06:20:17,87%,8:02,:),Drank coffee,60.0,0
47,2015-02-24 22:30:11,2015-02-25 06:20:07,69%,7:49,:),Drank coffee:Drank tea,62.0,0
48,2015-02-26 01:22:32,2015-02-26 07:16:32,65%,5:54,:|,Drank coffee:Drank tea,60.60493827160494,0
49,2015-02-26 21:42:32,2015-02-27 05:37:28,90%,7:54,:),Drank tea:Worked out,61.0,0
50,2015-03-01 20:14:26,2015-03-02 05:44:08,88%,9:29,:),Drank coffee,62.0,0
51,2015-03-03 21:47:16,2015-03-04 05:30:18,61%,7:43,:),Drank coffee:Drank tea:Worked out,62.0,0
52,2015-03-04 20:53:47,2015-03-05 06:13:31,54%,9:19,:),Drank coffee:Drank tea:Stressful day:Worked out,68.0,0
53,2015-03-05 22:29:33,2015-03-06 06:20:18,86%,7:50,:),Drank coffee:Drank tea,58.0,0
54,2015-03-08 22:54:58,2015-03-09 06:20:12,69%,7:25,:),Drank coffee,61.0,0
55,2015-03-09 21:28:08,2015-03-10 06:18:59,99%,8:50,:),Drank coffee:Drank tea,67.0,0
56,2015-03-10 22:17:17,2015-03-11 06:18:56,82%,8:01,:),Drank coffee:Drank tea,71.0,0
57,2015-03-11 21:39:44,2015-03-12 05:19:55,77%,7:40,:),Drank coffee:Drank tea,63.0,0
58,2015-03-12 21:44:36,2015-03-13 05:20:52,72%,7:36,:),Drank coffee:Drank tea:Worked out,60.0,0
59,2015-03-15 21:50:56,2015-03-16 04:51:22,82%,7:00,:),,62.0,0
60,2015-03-16 21:48:42,2015-03-17 05:21:34,75%,7:32,:),Drank coffee:Drank tea,54.0,0
61,2015-03-17 23:57:46,2015-03-18 08:01:27,91%,8:03,:),Drank coffee:Drank tea:Worked out,62.0,0
62,2015-03-21 01:10:15,2015-03-21 08:00:08,74%,6:49,:),Drank coffee,66.0,0
63,2015-03-22 23:07:46,2015-03-23 07:30:02,75%,8:22,:),Drank coffee:Drank tea,65.0,0
64,2015-03-24 22:11:07,2015-03-25 06:19:05,84%,8:07,:),Drank coffee,58.0,0
65,2015-03-25 22:00:06,2015-03-26 05:22:21,76%,7:22,:),Drank coffee:Drank tea:Worked out,60.60493827160494,0
66,2015-03-26 21:23:43,2015-03-27 05:26:51,92%,8:03,:),Drank tea:Worked out,54.0,0
67,2015-03-30 22:30:48,2015-03-31 05:28:23,82%,6:57,:),Drank coffee:Worked out,64.0,0
68,2015-03-31 22:17:15,2015-04-01 05:50:10,84%,7:32,:),Drank coffee:Drank tea:Worked out,55.0,0
69,2015-04-04 23:13:30,2015-04-05 07:31:06,95%,8:17,:),Drank coffee:Drank tea,60.60493827160494,0
70,2015-04-06 21:22:37,2015-04-07 06:15:41,79%,8:53,:),Drank coffee:Drank tea,55.0,0
71,2015-04-07 21:17:36,2015-04-08 06:18:55,100%,9:01,:),Drank tea,51.0,0
72,2015-04-08 22:09:38,2015-04-09 05:02:01,81%,6:52,:),Drank tea,52.0,0
73,2015-04-09 21:56:08,2015-04-10 05:23:08,80%,7:27,:),Drank coffee:Drank tea:Worked out,60.60493827160494,0
74,2015-04-10 23:51:30,2015-04-11 07:41:42,85%,7:50,:),Drank tea:Worked out,60.60493827160494,0
75,2015-04-11 23:16:56,2015-04-12 06:53:03,97%,7:36,:),Drank coffee:Drank tea,52.0,0
76,2015-04-12 22:04:59,2015-04-13 05:41:13,84%,7:36,:),Drank coffee:Drank tea,58.0,0
77,2015-04-13 22:19:39,2015-04-14 05:45:04,78%,7:25,:),Drank tea:Worked out,57.0,0
78,2015-04-15 00:28:55,2015-04-15 07:30:14,81%,7:01,:),Drank coffee:Drank tea:Worked out,63.0,0
79,2015-04-16 23:20:50,2015-04-17 06:20:07,82%,6:59,:),Drank coffee:Drank tea,58.0,0
80,2015-04-17 23:50:04,2015-04-18 07:22:19,59%,7:32,:),Drank coffee:Drank tea:Stressful day:Worked out,53.0,0
81,2015-04-20 22:37:59,2015-04-21 06:18:56,77%,7:40,:),Drank coffee:Drank tea,58.0,0
82,2015-04-22 21:31:35,2015-04-23 05:11:23,77%,7:39,:),Drank coffee:Drank tea:Stressful day,67.0,0
83,2015-04-23 21:46:46,2015-04-24 05:13:42,87%,7:26,:),Drank coffee:Drank tea:Stressful day:Worked out,60.60493827160494,0
84,2015-04-25 22:53:27,2015-04-26 07:53:35,100%,9:00,:),Drank coffee:Drank tea,61.0,0
85,2015-04-26 21:51:16,2015-04-27 04:59:06,70%,7:07,:),Ate late:Drank coffee:Drank tea,64.0,0
86,2015-04-27 21:35:56,2015-04-28 04:57:17,77%,7:21,:),Drank tea:Worked out,59.0,0
87,2015-04-28 21:41:45,2015-04-29 05:00:17,53%,7:18,:),Drank coffee:Worked out,59.0,0
88,2015-04-30 23:13:44,2015-05-01 06:06:21,77%,6:52,:),Drank coffee:Drank tea:Stressful day,60.0,0
89,2015-05-01 22:20:45,2015-05-02 06:07:10,65%,7:46,:),Drank coffee:Worked out,91.0,0
90,2015-05-05 22:23:26,2015-05-06 06:18:20,83%,7:54,:),Drank coffee:Drank tea:Worked out,62.0,0
91,2015-05-06 21:47:25,2015-05-07 05:21:38,50%,7:34,:),Ate late:Drank coffee:Drank tea:Worked out,59.0,0
92,2015-05-07 21:22:59,2015-05-08 04:57:13,89%,7:34,:),Drank tea:Worked out,54.0,0
93,2015-05-09 01:58:47,2015-05-09 07:01:52,61%,5:03,:),Drank coffee:Drank tea:Stressful day:Worked out,75.0,0
94,2015-05-10 22:11:42,2015-05-11 05:00:10,66%,6:48,:),Drank coffee:Drank tea:Worked out,50.0,0
95,2015-05-11 21:57:02,2015-05-12 05:00:13,75%,7:03,:),Drank tea:Worked out,55.0,0
96,2015-05-12 22:04:51,2015-05-13 04:52:48,72%,6:47,:),Drank tea:Worked out,59.0,0
97,2015-05-14 22:49:01,2015-05-15 06:17:50,79%,7:28,:),Drank coffee:Drank tea,51.0,0
98,2015-05-17 21:03:11,2015-05-18 07:49:16,93%,10:46,:),Drank tea:Stressful day,59.0,0
99,2015-05-18 22:39:06,2015-05-19 06:20:30,91%,7:41,:),,59.0,0
100,2015-05-20 22:22:50,2015-05-21 05:25:20,59%,7:02,:),Drank tea:Worked out,62.0,0
101,2015-05-21 22:47:04,2015-05-22 05:25:14,74%,6:38,:),Drank coffee:Drank tea:Worked out,60.0,0
102,2015-05-24 00:01:49,2015-05-24 07:35:15,73%,7:33,:),Drank coffee:Worked out,60.60493827160494,0
103,2015-05-24 22:58:17,2015-05-25 06:45:23,67%,7:47,:),Drank coffee:Drank tea,61.0,0
104,2015-05-25 22:05:49,2015-05-26 05:29:03,85%,7:23,:),Drank coffee:Drank tea,60.60493827160494,0
105,2015-05-26 22:18:17,2015-05-27 05:14:36,69%,6:56,:),Drank coffee:Drank tea:Worked out,60.60493827160494,0
106,2015-05-28 23:10:34,2015-05-29 07:00:03,81%,7:49,:),Drank coffee:Drank tea:Worked out,52.0,0
107,2015-05-31 23:16:56,2015-06-01 06:20:08,72%,7:03,:),Drank coffee,76.0,0
108,2015-06-01 22:20:07,2015-06-02 06:19:46,76%,7:59,:),Drank coffee:Drank tea:Worked out,57.0,0
109,2015-06-03 22:19:31,2015-06-04 05:20:25,78%,7:00,:),Drank coffee:Drank tea,64.0,0
110,2015-06-04 22:20:19,2015-06-05 03:45:30,70%,5:25,:(,Drank coffee:Drank tea:Worked out,60.60493827160494,0
111,2015-06-05 03:45:52,2015-06-05 05:41:01,23%,1:55,:),,57.0,0
112,2015-06-07 22:01:10,2015-06-08 05:40:26,75%,7:39,:),Drank coffee,58.0,0
113,2015-06-08 21:57:12,2015-06-09 05:16:21,69%,7:19,:),Drank coffee:Drank tea:Worked out,60.60493827160494,0
114,2015-06-09 21:07:02,2015-06-10 05:01:10,83%,7:54,:),Drank coffee:Drank tea:Worked out,60.60493827160494,0
115,2015-06-10 21:12:48,2015-06-11 06:17:34,92%,9:04,:),Drank tea:Stressful day:Worked out,68.0,0
116,2015-06-11 22:54:00,2015-06-12 06:19:02,74%,7:25,:),Drank coffee:Worked out,60.60493827160494,0
117,2015-06-14 22:38:25,2015-06-15 06:12:56,81%,7:34,:),Drank coffee:Drank tea,60.60493827160494,0
118,2015-06-15 22:31:51,2015-06-16 06:20:20,88%,7:48,:),Drank coffee:Drank tea:Worked out,64.0,0
119,2015-06-16 22:21:15,2015-06-17 06:20:16,69%,7:59,:),Drank coffee:Drank tea:Stressful day:Worked out,60.60493827160494,0
120,2015-06-17 21:28:17,2015-06-18 05:00:04,63%,7:31,:),Drank coffee,60.60493827160494,0
121,2015-06-18 22:26:07,2015-06-19 04:46:50,71%,6:20,:),Drank coffee:Worked out,60.60493827160494,0
122,2015-06-22 21:54:38,2015-06-23 05:07:41,78%,7:13,:),Drank coffee:Worked out,60.60493827160494,0
123,2015-06-23 22:09:26,2015-06-24 04:57:46,76%,6:48,:),Drank coffee:Drank tea:Worked out,60.60493827160494,0
124,2015-06-24 04:58:36,2015-06-24 05:45:00,10%,0:46,:),,60.60493827160494,0
125,2015-06-24 22:37:23,2015-06-25 06:20:50,82%,7:43,:),Drank coffee:Stressful day:Worked out,58.0,0
126,2015-07-11 22:29:21,2015-07-12 08:00:42,98%,9:31,:),Drank coffee:Stressful day,69.0,0
127,2015-07-19 21:38:23,2015-07-20 06:09:35,69%,8:31,:),Drank coffee,74.0,0
128,2015-07-20 22:01:21,2015-07-21 05:04:47,68%,7:03,:),Drank coffee:Drank tea:Worked out,60.60493827160494,0
129,2015-07-21 22:02:34,2015-07-22 05:45:33,79%,7:42,:),Drank coffee:Drank tea:Worked out,67.0,0
130,2015-07-23 22:29:37,2015-07-24 06:44:02,86%,8:14,:),Drank coffee:Stressful day:Worked out,60.60493827160494,0
131,2015-07-26 22:29:51,2015-07-27 06:20:13,93%,7:50,:),Drank coffee:Worked out,58.0,0
132,2015-07-28 21:32:08,2015-07-29 05:39:59,68%,8:07,:),Drank coffee:Drank tea:Stressful day:Worked out,58.0,0
133,2015-07-29 23:06:06,2015-07-30 05:40:14,71%,6:34,:),Drank coffee:Drank tea:Worked out,61.0,0
134,2015-07-30 21:40:08,2015-07-31 05:40:15,88%,8:00,:),Drank coffee:Worked out,64.0,0
135,2015-08-01 01:41:20,2015-08-01 08:31:02,77%,6:49,:),Drank coffee:Drank tea:Worked out,64.0,0
136,2015-08-01 22:55:10,2015-08-02 08:02:09,97%,9:06,:),Drank coffee:Worked out,60.60493827160494,0
137,2015-08-02 23:45:43,2015-08-03 00:00:48,3%,0:15,:|,Drank coffee:Worked out,60.60493827160494,0
138,2015-08-03 00:26:02,2015-08-03 07:25:42,88%,6:59,:),Drank coffee:Worked out,68.0,0
139,2015-08-03 21:46:15,2015-08-04 05:00:34,71%,7:14,:),Drank coffee:Stressful day:Worked out,60.60493827160494,0
140,2015-08-04 21:17:10,2015-08-05 04:55:48,81%,7:38,:),Drank coffee:Drank tea:Worked out,60.60493827160494,0
141,2015-08-05 21:35:13,2015-08-06 04:55:01,78%,7:19,:),Drank coffee:Drank tea:Worked out,57.0,0
142,2015-08-08 00:19:09,2015-08-08 07:56:38,97%,7:37,:),Drank coffee:Worked out,54.0,0
143,2015-08-10 00:01:12,2015-08-10 05:03:22,65%,5:02,:),Drank coffee,60.60493827160494,0
144,2015-08-10 21:11:19,2015-08-11 06:09:21,72%,8:58,:),Drank coffee:Drank tea:Worked out,50.0,0
145,2015-08-15 23:41:21,2015-08-16 07:27:56,84%,7:46,:),Drank coffee,60.60493827160494,0
146,2015-08-16 21:44:20,2015-08-17 04:45:16,58%,7:00,:),Drank coffee,56.0,0
147,2015-08-17 22:13:05,2015-08-18 05:27:25,85%,7:14,:),Drank coffee:Drank tea:Worked out,60.60493827160494,0
148,2015-08-18 22:33:21,2015-08-19 06:45:33,90%,8:12,:),Drank coffee:Drank tea:Worked out,57.0,0
149,2015-08-19 21:48:50,2015-08-20 06:01:07,79%,8:12,:),Drank coffee:Worked out,51.0,0
150,2015-08-20 22:36:23,2015-08-21 06:00:11,69%,7:23,:),Drank coffee,58.0,0
151,2015-08-21 21:52:41,2015-08-22 06:00:13,88%,8:07,:),Drank coffee:Stressful day,60.60493827160494,0
152,2015-08-22 21:59:47,2015-08-23 05:49:06,90%,7:49,:),Drank coffee,52.0,0
153,2015-08-23 21:59:05,2015-08-24 05:29:52,83%,7:30,:),Ate late:Drank coffee:Drank tea,52.0,0
154,2015-08-25 21:57:25,2015-08-26 05:45:28,67%,7:48,:),Drank coffee,60.60493827160494,0
155,2015-08-26 21:14:31,2015-08-27 05:45:18,90%,8:30,:),Drank coffee:Stressful day,60.60493827160494,0
156,2015-08-27 21:19:00,2015-08-28 05:45:10,93%,8:26,:|,,60.0,0
157,2015-08-28 22:01:03,2015-08-29 06:00:39,85%,7:59,:),Drank coffee:Drank tea,62.0,0
158,2015-08-30 22:00:05,2015-08-31 06:00:18,84%,8:00,:),Drank coffee,66.0,0
159,2015-08-31 22:14:35,2015-09-01 06:00:59,77%,7:46,:),Drank coffee,60.60493827160494,0
160,2015-09-01 22:00:12,2015-09-02 06:00:07,85%,7:59,:),Drank tea,65.0,0
161,2015-09-02 23:36:43,2015-09-03 07:10:29,77%,7:33,:),Drank coffee,57.0,0
162,2015-09-05 22:54:41,2015-09-06 06:59:15,87%,8:04,:),Drank coffee,60.60493827160494,0
163,2015-09-07 22:45:57,2015-09-08 06:13:08,84%,7:27,:),Drank coffee:Drank tea,61.0,0
164,2015-09-08 22:03:28,2015-09-09 06:04:55,86%,8:01,:),Drank tea:Worked out,60.60493827160494,0
165,2015-09-09 22:40:40,2015-09-10 06:10:24,83%,7:29,:),Drank coffee:Drank tea:Worked out,60.60493827160494,0
166,2015-09-10 22:10:47,2015-09-11 04:57:40,77%,6:46,:),Drank coffee:Drank tea:Worked out,60.60493827160494,0
167,2015-09-12 00:06:20,2015-09-12 07:41:35,81%,7:35,:),Drank coffee:Worked out,60.60493827160494,0
168,2015-09-13 22:03:28,2015-09-14 05:50:31,81%,7:47,:),Drank coffee,60.60493827160494,0
169,2015-09-14 22:33:49,2015-09-15 06:30:22,83%,7:56,:),Drank coffee:Stressful day:Worked out,60.60493827160494,0
170,2015-09-15 22:14:42,2015-09-16 05:55:16,70%,7:40,:),Drank coffee:Worked out,60.60493827160494,0
171,2015-09-16 21:59:14,2015-09-17 06:20:08,80%,8:20,:),Drank coffee:Drank tea:Worked out,59.0,0
172,2015-09-17 22:57:35,2015-09-18 06:20:12,60%,7:22,:),Drank coffee:Drank tea:Worked out,56.0,0
173,2015-09-19 00:31:33,2015-09-19 06:55:11,55%,6:23,:),Drank coffee,60.60493827160494,0
174,2015-09-19 22:01:37,2015-09-20 06:48:52,91%,8:47,:),Drank coffee,60.60493827160494,0
175,2015-09-20 22:07:26,2015-09-21 06:15:54,79%,8:08,:),Drank coffee:Drank tea:Worked out,55.0,0
176,2015-09-22 21:34:08,2015-09-23 06:15:39,81%,8:41,:),Drank coffee:Drank tea:Worked out,58.0,0
177,2015-09-23 21:37:35,2015-09-24 05:07:03,77%,7:29,:),Drank coffee:Drank tea:Worked out,49.0,0
178,2015-09-24 22:37:41,2015-09-25 06:00:13,83%,7:22,:),Ate late:Drank coffee:Drank tea:Worked out,60.60493827160494,0
179,2015-09-27 22:57:29,2015-09-28 07:00:25,82%,8:02,:),Drank tea,61.0,0
180,2015-09-28 21:12:50,2015-09-29 05:15:43,90%,8:02,:),Drank tea:Worked out,60.0,0
181,2015-09-29 22:54:50,2015-09-30 06:20:27,89%,7:25,:),Ate late:Drank coffee:Drank tea:Worked out,58.0,0
182,2015-09-30 23:57:47,2015-10-01 06:14:26,62%,6:16,:),Drank coffee:Drank tea:Worked out,55.0,0
183,2015-10-03 00:09:08,2015-10-03 07:26:26,69%,7:17,:),Drank coffee:Worked out,57.0,0
184,2015-10-11 00:27:25,2015-10-11 08:58:25,100%,8:31,:),Drank coffee:Stressful day,50.0,0
185,2015-10-12 21:59:10,2015-10-13 06:00:45,74%,8:01,:),Ate late:Drank coffee:Drank tea:Worked out,60.60493827160494,0
186,2015-10-13 22:19:10,2015-10-14 04:59:56,59%,6:40,:),Drank coffee:Worked out,60.60493827160494,0
187,2015-10-14 05:00:29,2015-10-14 06:00:39,13%,1:00,:),,60.60493827160494,0
188,2015-10-14 22:40:34,2015-10-15 06:20:36,68%,7:40,:),Drank tea:Worked out,65.0,0
189,2015-10-15 22:12:48,2015-10-16 06:21:06,67%,8:08,:),Drank coffee:Drank tea:Worked out,58.0,0
190,2015-10-17 00:45:53,2015-10-17 07:37:31,57%,6:51,:),Drank coffee:Drank tea,60.60493827160494,0
191,2015-10-18 21:52:46,2015-10-19 06:20:17,67%,8:27,:|,Drank coffee,60.60493827160494,0
192,2015-10-20 21:38:02,2015-10-21 06:20:20,88%,8:42,:|,Drank coffee:Drank tea,62.0,0
193,2015-10-21 22:41:23,2015-10-22 06:20:28,77%,7:39,:),Drank coffee:Drank tea,53.0,0
194,2015-10-22 21:46:35,2015-10-23 05:30:45,80%,7:44,:),Drank coffee:Drank tea:Worked out,70.0,0
195,2015-10-24 00:32:20,2015-10-24 08:12:45,77%,7:40,:),Drank coffee:Drank tea:Worked out,60.60493827160494,0
196,2015-10-24 22:38:13,2015-10-25 06:33:35,81%,7:55,:),Drank coffee:Drank tea,60.60493827160494,0
197,2015-10-26 23:09:15,2015-10-27 06:05:04,77%,6:55,:),Drank coffee:Drank tea,65.0,0
198,2015-10-27 21:34:17,2015-10-28 05:35:51,78%,8:01,:|,Drank coffee:Worked out,60.60493827160494,0
199,2015-10-28 22:28:47,2015-10-29 06:20:36,83%,7:51,:|,Drank tea:Worked out,53.0,0
200,2015-10-29 22:30:45,2015-10-30 06:10:51,81%,7:40,:|,Drank tea:Worked out,57.0,0
201,2015-10-31 01:01:48,2015-10-31 07:50:17,50%,6:48,:),Drank coffee:Drank tea,60.60493827160494,0
202,2015-11-02 22:00:53,2015-11-03 06:10:32,83%,8:09,:|,Drank coffee:Drank tea:Worked out,55.0,0
203,2015-11-03 22:46:00,2015-11-04 06:09:53,75%,7:23,:|,Drank coffee:Drank tea:Worked out,60.60493827160494,0
204,2015-11-04 22:49:17,2015-11-05 06:00:43,65%,7:11,:|,Drank coffee:Drank tea:Worked out,60.60493827160494,0
205,2015-11-05 21:36:52,2015-11-06 05:29:48,77%,7:52,:|,Drank coffee:Drank tea:Worked out,60.60493827160494,0
206,2015-11-07 00:19:42,2015-11-07 08:13:55,93%,7:54,:),Drank coffee:Drank tea:Worked out,98.0,0
207,2015-11-08 23:28:38,2015-11-09 06:20:45,69%,6:52,:),Drank coffee:Drank tea,60.60493827160494,0
208,2015-11-09 21:59:54,2015-11-10 05:41:00,88%,7:41,:),Drank coffee:Drank tea:Worked out,60.60493827160494,0
209,2015-11-10 22:56:22,2015-11-11 06:28:43,83%,7:32,:),Drank coffee:Drank tea:Worked out,60.60493827160494,0
210,2015-11-11 22:57:35,2015-11-12 06:20:38,72%,7:23,:),Drank coffee:Drank tea,60.60493827160494,0
211,2015-11-13 22:59:58,2015-11-14 07:46:48,96%,8:46,:),Drank coffee:Drank tea,59.0,0
212,2015-11-15 22:17:12,2015-11-16 06:30:48,72%,8:13,:),Drank coffee:Drank tea,62.0,0
213,2015-11-18 22:07:28,2015-11-19 05:30:48,80%,7:23,:),Ate late:Drank coffee:Drank tea:Worked out,63.0,0
214,2015-11-19 23:10:23,2015-11-20 06:00:42,73%,6:50,:),Drank coffee:Drank tea:Worked out,62.0,0
215,2015-11-22 21:57:39,2015-11-23 05:30:46,83%,7:33,:),Drank tea,60.60493827160494,0
216,2015-11-23 22:15:24,2015-11-24 05:00:10,74%,6:44,:),Drank coffee:Drank tea:Worked out,60.60493827160494,0
217,2015-11-24 22:33:40,2015-11-25 06:30:54,87%,7:57,:),Drank coffee:Drank tea:Worked out,60.60493827160494,0
218,2015-11-25 23:26:02,2015-11-26 06:20:47,69%,6:54,:),Drank coffee:Drank tea:Worked out,60.60493827160494,0
219,2015-11-26 22:25:29,2015-11-27 06:20:36,81%,7:55,:),Drank coffee:Drank tea:Worked out,60.60493827160494,0
220,2015-11-28 01:20:50,2015-11-28 07:46:30,58%,6:25,:),Drank coffee:Drank tea:Worked out,59.0,0
221,2015-11-29 22:20:20,2015-11-30 06:20:11,68%,7:59,:),Drank tea,60.60493827160494,0
222,2015-11-30 21:23:47,2015-12-01 06:19:46,64%,8:55,:),Drank coffee:Drank tea:Worked out,60.60493827160494,0
223,2015-12-01 23:03:32,2015-12-02 06:20:45,84%,7:17,:),Drank coffee:Drank tea:Worked out,57.0,0
224,2015-12-02 22:19:31,2015-12-03 05:11:26,75%,6:51,:),Drank coffee:Drank tea,60.60493827160494,0
225,2015-12-03 22:51:20,2015-12-04 05:01:02,70%,6:09,:),Ate late:Drank coffee:Drank tea,60.60493827160494,0
226,2015-12-06 22:10:17,2015-12-07 05:31:02,86%,7:20,:),Drank coffee:Drank tea,68.0,0
227,2015-12-07 21:20:30,2015-12-08 05:00:36,86%,7:40,:),Drank tea:Stressful day:Worked out,61.0,0
228,2015-12-08 22:17:33,2015-12-09 05:45:41,79%,7:28,:),Drank coffee:Drank tea:Stressful day:Worked out,60.60493827160494,0
229,2015-12-09 21:57:33,2015-12-10 06:10:41,93%,8:13,:),Drank tea:Stressful day:Worked out,67.0,0
230,2015-12-13 00:08:26,2015-12-13 08:23:03,77%,8:14,:),Drank coffee,60.60493827160494,0
231,2015-12-13 22:07:01,2015-12-14 06:09:53,80%,8:02,:),Drank coffee,52.0,0
232,2015-12-15 22:32:48,2015-12-16 06:10:41,75%,7:37,:),Drank coffee:Drank tea:Worked out,60.60493827160494,0
233,2015-12-16 22:20:47,2015-12-17 05:40:53,84%,7:20,:),Drank coffee:Drank tea:Stressful day,60.60493827160494,0
234,2015-12-17 21:07:49,2015-12-18 05:45:44,100%,8:37,:),Drank coffee:Drank tea:Worked out,60.60493827160494,0
235,2015-12-20 22:19:20,2015-12-21 06:20:02,72%,8:00,:|,Drank coffee:Drank tea:Worked out,56.0,0
236,2015-12-21 22:06:14,2015-12-22 05:29:49,80%,7:23,:|,Drank coffee:Worked out,60.60493827160494,0
237,2015-12-22 21:41:31,2015-12-23 05:43:31,82%,8:01,:),Drank coffee:Drank tea:Worked out,60.60493827160494,0
238,2015-12-23 22:33:13,2015-12-24 06:01:00,79%,7:27,:),Drank coffee:Drank tea,60.60493827160494,0
239,2015-12-29 22:44:12,2015-12-30 07:00:31,76%,8:16,:|,Drank coffee,60.60493827160494,0
240,2016-01-01 23:53:45,2016-01-02 08:27:19,79%,8:33,:|,Drank coffee:Drank tea,71.0,0
241,2016-01-02 23:49:43,2016-01-03 08:13:49,85%,8:24,:),Drank coffee:Drank tea,65.0,0
242,2016-01-03 21:44:08,2016-01-04 05:35:23,69%,7:51,:),Drank coffee,60.60493827160494,0
243,2016-01-04 22:17:03,2016-01-05 05:45:29,74%,7:28,:|,Drank coffee:Drank tea:Stressful day,60.60493827160494,0
244,2016-01-05 22:18:45,2016-01-06 06:20:45,66%,8:01,:|,Drank coffee:Worked out,60.60493827160494,0
245,2016-01-13 22:44:29,2016-01-14 06:20:25,72%,7:35,:|,Ate late:Drank coffee:Drank tea:Stressful day,60.60493827160494,0
246,2016-01-14 22:10:58,2016-01-15 05:28:34,73%,7:17,:|,Drank coffee:Drank tea:Worked out,60.60493827160494,0
247,2016-01-17 22:00:46,2016-01-18 05:30:32,76%,7:29,:|,Drank coffee:Drank tea:Worked out,60.60493827160494,0
248,2016-01-18 21:56:26,2016-01-19 05:34:59,78%,7:38,,Ate late:Drank coffee:Drank tea,60.60493827160494,0
249,2016-01-19 22:46:50,2016-01-20 06:35:37,75%,7:48,,Drank coffee:Drank tea:Worked out,60.60493827160494,0
250,2016-01-20 21:13:40,2016-01-21 06:29:37,77%,9:15,,Drank coffee:Drank tea,60.60493827160494,0
251,2016-01-21 21:33:27,2016-01-22 06:23:55,79%,8:50,,Drank coffee,60.60493827160494,0
252,2016-01-22 22:17:12,2016-01-23 08:14:54,79%,9:57,,Drank coffee:Worked out,60.60493827160494,0
253,2016-01-24 22:06:59,2016-01-25 06:30:14,85%,8:23,,Drank coffee:Drank tea:Worked out,60.60493827160494,0
254,2016-01-25 22:27:55,2016-01-26 06:38:49,88%,8:10,,Drank coffee,60.60493827160494,0
255,2016-01-26 22:58:16,2016-01-27 06:28:13,83%,7:29,,Drank coffee:Drank tea:Worked out,60.60493827160494,0
256,2016-01-27 22:02:27,2016-01-28 05:23:02,84%,7:20,,Drank coffee:Drank tea:Worked out,60.60493827160494,0
257,2016-01-28 22:11:17,2016-01-29 05:26:31,76%,7:15,,Drank coffee:Drank tea:Worked out,60.60493827160494,0
258,2016-01-29 21:47:34,2016-01-30 06:06:40,88%,8:19,,Drank coffee:Drank tea:Worked out,60.60493827160494,0
259,2016-01-31 22:58:22,2016-02-01 06:19:07,78%,7:20,,Drank coffee,60.60493827160494,0
260,2016-02-01 22:02:40,2016-02-02 05:27:42,82%,7:25,,Drank coffee:Drank tea:Worked out,60.60493827160494,0
261,2016-02-02 21:47:43,2016-02-03 05:20:45,72%,7:33,,Drank coffee:Worked out,60.60493827160494,0
262,2016-02-03 22:54:38,2016-02-04 06:20:45,79%,7:26,,Drank coffee:Worked out,60.60493827160494,0
263,2016-02-04 22:17:56,2016-02-05 06:53:46,74%,8:35,,Drank coffee:Stressful day:Worked out,60.60493827160494,0
264,2016-02-05 23:45:36,2016-02-06 07:35:42,84%,7:50,,Drank coffee,60.60493827160494,0
265,2016-02-06 22:55:30,2016-02-07 07:35:48,91%,8:40,,Drank tea,60.60493827160494,0
266,2016-02-08 00:44:15,2016-02-08 07:45:22,68%,7:01,,Drank coffee:Drank tea,60.60493827160494,0
267,2016-02-08 22:43:49,2016-02-09 06:40:40,77%,7:56,,Drank coffee:Drank tea:Worked out,60.60493827160494,0
268,2016-02-09 21:57:50,2016-02-10 05:31:30,66%,7:33,,Drank coffee:Worked out,60.60493827160494,0
269,2016-02-13 23:41:34,2016-02-14 05:11:40,38%,5:30,,Drank coffee,60.60493827160494,0
270,2016-02-14 22:07:58,2016-02-15 05:53:25,84%,7:45,,Drank coffee:Stressful day,60.60493827160494,0
271,2016-02-15 22:07:07,2016-02-16 05:25:39,76%,7:18,,Drank coffee:Worked out,60.60493827160494,0
272,2016-02-16 22:20:30,2016-02-17 05:32:48,70%,7:12,,Drank coffee:Worked out,60.60493827160494,0
273,2016-02-17 21:33:26,2016-02-18 06:24:29,90%,8:51,,Drank coffee:Stressful day:Worked out,60.60493827160494,0
274,2016-02-18 22:47:46,2016-02-19 06:26:50,77%,7:39,,Drank coffee:Drank tea:Worked out,60.60493827160494,0
275,2016-02-20 23:12:47,2016-02-21 07:41:40,69%,8:28,,Drank coffee,60.60493827160494,0
276,2016-02-22 22:04:12,2016-02-23 06:23:53,85%,8:19,,Drank coffee,60.60493827160494,0
277,2016-02-23 22:18:26,2016-02-24 06:25:24,94%,8:06,,Drank coffee:Worked out,60.60493827160494,0
278,2016-02-24 21:59:00,2016-02-25 05:43:33,88%,7:44,,Drank tea:Worked out,60.60493827160494,0
279,2016-02-26 00:15:25,2016-02-26 06:35:57,68%,6:20,,Drank tea:Worked out,60.60493827160494,0
280,2016-02-27 23:33:23,2016-02-28 07:50:56,92%,8:17,,Drank coffee,60.60493827160494,0
281,2016-02-28 22:19:47,2016-02-29 05:45:34,64%,7:25,,Drank tea,60.60493827160494,0
282,2016-02-29 21:55:44,2016-03-01 06:22:29,78%,8:26,,Drank tea:Worked out,60.60493827160494,0
283,2016-03-01 23:22:16,2016-03-02 05:50:28,70%,6:28,,Drank tea:Worked out,60.60493827160494,0
284,2016-03-02 22:15:14,2016-03-03 06:21:26,95%,8:06,,Drank coffee:Drank tea:Worked out,60.60493827160494,0
285,2016-03-03 22:01:33,2016-03-04 06:17:35,90%,8:16,,Drank tea:Worked out,60.60493827160494,0
286,2016-03-05 23:20:01,2016-03-06 07:31:36,98%,8:11,,Drank tea,60.60493827160494,0
287,2016-03-06 23:08:20,2016-03-07 06:19:25,70%,7:11,,Drank coffee:Drank tea,60.60493827160494,0
288,2016-03-07 22:50:22,2016-03-08 06:22:58,75%,7:32,,Drank tea:Worked out,60.60493827160494,0
289,2016-03-08 21:40:38,2016-03-09 06:25:07,91%,8:44,,Drank tea:Worked out,60.60493827160494,0
290,2016-03-09 22:40:25,2016-03-10 05:49:39,79%,7:09,,Drank tea,60.60493827160494,0
291,2016-03-10 21:35:17,2016-03-11 05:34:15,92%,7:58,,Drank tea:Worked out,60.60493827160494,0
292,2016-03-12 01:33:16,2016-03-12 07:50:21,69%,6:17,,Drank coffee:Worked out,60.60493827160494,0
293,2016-03-12 23:44:03,2016-03-13 07:51:57,83%,7:07,,Drank tea,60.60493827160494,0
294,2016-03-13 22:47:36,2016-03-14 05:40:43,82%,6:53,,Drank tea:Worked out,60.60493827160494,0
295,2016-03-14 22:16:43,2016-03-15 05:46:07,79%,7:29,,Drank tea:Worked out,60.60493827160494,0
296,2016-03-15 22:41:40,2016-03-16 06:25:27,85%,7:43,,Drank coffee:Drank tea:Worked out,60.60493827160494,0
297,2016-03-16 22:25:40,2016-03-17 07:05:26,90%,8:39,,Drank coffee:Worked out,60.60493827160494,0
298,2016-03-17 22:46:35,2016-03-18 07:08:48,98%,8:22,,Drank coffee:Drank tea,60.60493827160494,0
299,2016-03-18 22:17:45,2016-03-19 07:47:51,87%,9:30,,Drank coffee,60.60493827160494,0
300,2016-03-20 22:13:36,2016-03-21 07:26:59,80%,9:13,,Drank coffee,60.60493827160494,0
301,2016-03-21 22:37:03,2016-03-22 07:32:00,80%,8:54,,Drank coffee,60.60493827160494,0
302,2016-03-22 21:22:46,2016-03-23 06:19:17,80%,8:56,,Drank coffee:Drank tea,60.60493827160494,0
303,2016-03-23 22:06:49,2016-03-24 05:20:29,65%,7:13,,Drank coffee:Drank tea:Worked out,60.60493827160494,0
304,2016-03-27 23:28:20,2016-03-28 07:30:07,82%,8:01,,Drank coffee,60.60493827160494,0
305,2016-03-28 23:32:44,2016-03-29 06:29:15,75%,6:56,,Drank coffee:Stressful day:Worked out,60.60493827160494,0
306,2016-03-29 23:12:02,2016-03-30 06:25:49,66%,7:13,,Drank coffee:Worked out,60.60493827160494,0
307,2016-03-30 22:58:49,2016-03-31 06:25:21,58%,7:26,,Drank coffee:Drank tea:Worked out,60.60493827160494,0
308,2016-03-31 22:47:19,2016-04-01 06:30:09,89%,7:42,,Drank coffee:Drank tea:Worked out,60.60493827160494,0
309,2016-04-02 21:20:49,2016-04-03 07:08:13,86%,9:47,,Drank coffee,60.60493827160494,0
310,2016-04-03 21:44:29,2016-04-04 06:24:00,67%,8:39,,Drank coffee,60.60493827160494,0
311,2016-04-04 21:23:59,2016-04-05 06:29:22,62%,9:05,,Drank coffee,60.60493827160494,0
312,2016-04-05 21:13:24,2016-04-06 06:24:45,81%,9:11,,Drank coffee:Worked out,60.60493827160494,0
313,2016-04-06 23:00:14,2016-04-07 05:55:41,73%,6:55,,Drank coffee:Drank tea:Worked out,60.60493827160494,0
314,2016-04-07 21:48:56,2016-04-08 05:49:06,81%,8:00,,Ate late:Drank coffee:Drank tea:Worked out,60.60493827160494,0
315,2016-04-09 00:51:24,2016-04-09 07:21:57,53%,6:30,,Drank coffee:Drank tea:Worked out,60.60493827160494,0
316,2016-04-09 22:59:45,2016-04-10 07:59:49,94%,9:00,,Drank coffee:Drank tea:Worked out,60.60493827160494,0
317,2016-04-10 22:04:13,2016-04-11 05:16:33,67%,7:12,,Drank tea,60.60493827160494,0
318,2016-04-11 22:35:10,2016-04-12 05:54:20,82%,7:19,,Drank coffee:Drank tea:Stressful day:Worked out,60.60493827160494,0
319,2016-04-12 22:18:30,2016-04-13 05:52:27,85%,7:33,,Drank coffee:Drank tea:Worked out,60.60493827160494,0
320,2016-04-13 22:27:46,2016-04-14 06:13:03,77%,7:45,,Drank coffee:Drank tea:Worked out,60.60493827160494,0
321,2016-04-14 21:43:30,2016-04-15 06:24:30,94%,8:41,,Drank coffee:Drank tea:Stressful day:Worked out,60.60493827160494,0
322,2016-04-15 22:38:27,2016-04-16 07:25:56,81%,8:47,,Drank coffee:Drank tea,60.60493827160494,0
323,2016-04-17 21:34:35,2016-04-18 06:26:45,75%,8:52,,Drank coffee:Drank tea,60.60493827160494,0
324,2016-04-19 21:21:02,2016-04-20 06:20:19,79%,8:59,,Drank coffee:Drank tea:Worked out,60.60493827160494,0
325,2016-04-20 21:25:56,2016-04-21 05:35:24,81%,8:09,,Ate late:Drank coffee:Drank tea:Worked out,60.60493827160494,0
326,2016-04-21 21:54:28,2016-04-22 05:35:27,79%,7:40,,,60.60493827160494,0
327,2016-04-22 05:37:46,2016-04-22 06:20:18,9%,0:42,,,60.60493827160494,0
328,2016-04-23 00:46:44,2016-04-23 07:54:03,65%,7:07,,Drank coffee:Drank tea:Worked out,60.60493827160494,0
329,2016-04-24 22:30:35,2016-04-25 06:14:30,81%,7:43,,Drank tea,60.60493827160494,0
330,2016-04-25 22:07:57,2016-04-26 05:39:43,87%,7:31,,Ate late:Drank coffee:Drank tea:Worked out,60.60493827160494,0
331,2016-04-26 22:48:24,2016-04-27 06:20:28,74%,7:32,,Drank coffee:Drank tea:Worked out,60.60493827160494,0
332,2016-04-27 22:24:10,2016-04-28 06:25:23,92%,8:01,,Drank coffee:Drank tea:Worked out,60.60493827160494,0
333,2016-04-28 22:23:37,2016-04-29 06:17:32,95%,7:53,,Drank coffee:Drank tea:Worked out,60.60493827160494,0
334,2016-04-29 22:47:32,2016-04-30 05:57:05,81%,7:09,,Drank coffee:Drank tea:Worked out,60.60493827160494,0
335,2016-05-01 21:27:20,2016-05-02 06:15:12,95%,8:47,,Drank coffee:Worked out,60.60493827160494,0
336,2016-05-02 21:50:53,2016-05-03 06:20:17,85%,8:29,,Drank coffee:Worked out,60.60493827160494,0
337,2016-05-03 22:19:12,2016-05-04 06:20:18,79%,8:01,,Drank coffee:Worked out,60.60493827160494,0
338,2016-05-04 22:16:31,2016-05-05 06:30:20,83%,8:13,,Drank coffee:Drank tea:Worked out,60.60493827160494,0
339,2016-05-05 22:20:43,2016-05-06 06:15:04,89%,7:54,,Ate late:Drank coffee,60.60493827160494,0
340,2016-05-06 23:07:56,2016-05-07 07:08:11,87%,8:00,,Drank coffee:Drank tea:Stressful day:Worked out,60.60493827160494,0
341,2016-05-07 23:20:36,2016-05-08 07:12:34,93%,7:51,,Drank coffee:Drank tea,60.60493827160494,0
342,2016-05-08 23:44:12,2016-05-09 06:20:24,74%,6:36,,Drank coffee:Drank tea,60.60493827160494,0
343,2016-05-09 22:10:46,2016-05-10 05:41:35,83%,7:30,,Drank coffee:Drank tea:Worked out,60.60493827160494,0
344,2016-05-10 23:10:06,2016-05-11 05:30:21,74%,6:20,,Drank coffee:Drank tea:Worked out,60.60493827160494,0
345,2016-05-11 22:43:49,2016-05-12 06:25:26,80%,7:41,,Drank coffee:Drank tea:Worked out,60.60493827160494,0
346,2016-05-12 23:50:20,2016-05-13 06:50:20,83%,6:59,,Drank coffee:Drank tea:Worked out,60.60493827160494,0
347,2016-05-13 23:08:55,2016-05-14 07:53:57,100%,8:45,,Drank coffee:Drank tea:Worked out,60.60493827160494,0
348,2016-05-15 21:34:13,2016-05-16 06:07:30,81%,8:33,,Drank tea,60.60493827160494,0
349,2016-05-16 21:34:47,2016-05-17 06:15:18,85%,8:40,,Drank coffee:Worked out,60.60493827160494,0
350,2016-05-17 20:53:27,2016-05-18 06:10:18,83%,9:16,,Drank coffee:Worked out,60.60493827160494,0
351,2016-05-18 22:26:07,2016-05-19 05:40:26,79%,7:14,,Drank coffee:Stressful day,60.60493827160494,0
352,2016-05-20 00:00:10,2016-05-20 06:30:16,76%,6:30,,Drank coffee:Worked out,60.60493827160494,0
353,2016-05-20 23:14:26,2016-05-21 07:34:07,91%,8:19,,Drank coffee:Worked out,60.60493827160494,0
354,2016-05-23 22:34:58,2016-05-24 05:30:18,75%,6:55,,Drank coffee,60.60493827160494,0
355,2016-05-24 22:00:00,2016-05-25 05:35:16,90%,7:35,,Drank coffee:Worked out,60.60493827160494,0
356,2016-05-25 22:21:34,2016-05-26 06:31:01,88%,8:09,,Drank coffee:Worked out,60.60493827160494,0
357,2016-05-26 22:08:30,2016-05-27 06:19:54,89%,8:11,,Drank coffee:Worked out,60.60493827160494,0
358,2016-05-28 00:19:46,2016-05-28 07:15:58,72%,6:56,,Drank coffee:Worked out,60.60493827160494,0
359,2016-05-29 22:04:35,2016-05-30 06:40:37,100%,8:36,,Drank coffee,60.60493827160494,0
360,2016-05-30 22:07:42,2016-05-31 06:08:04,72%,8:00,,Drank coffee:Stressful day,60.60493827160494,0
361,2016-05-31 23:02:52,2016-06-01 06:31:44,70%,7:28,,Drank coffee:Worked out,60.60493827160494,0
362,2016-06-01 23:01:17,2016-06-02 05:48:05,67%,6:46,,Drank coffee:Worked out,60.60493827160494,0
363,2016-06-02 22:51:43,2016-06-03 05:31:02,65%,6:39,,Drank coffee:Worked out,60.60493827160494,0
364,2016-06-05 22:33:14,2016-06-06 05:51:51,71%,7:18,,Worked out,60.60493827160494,0
365,2016-06-06 23:26:26,2016-06-07 05:31:41,70%,6:05,,Drank coffee:Worked out,60.60493827160494,0
366,2016-06-07 22:32:35,2016-06-08 05:32:33,77%,6:59,,Drank coffee:Worked out,60.60493827160494,0
367,2016-06-08 21:56:14,2016-06-09 06:16:18,76%,8:20,,Drank coffee:Worked out,60.60493827160494,0
368,2016-06-09 22:07:31,2016-06-10 06:35:29,87%,8:27,,Ate late:Drank coffee:Worked out,60.60493827160494,0
369,2016-06-11 22:42:30,2016-06-12 08:41:24,93%,9:58,,Drank tea,60.60493827160494,0
370,2016-06-12 22:52:30,2016-06-13 06:32:02,77%,7:39,,Drank tea,60.60493827160494,0
371,2016-06-13 22:03:24,2016-06-14 06:26:09,82%,8:22,,Drank tea:Worked out,60.60493827160494,0
372,2016-06-14 22:32:22,2016-06-15 06:30:23,68%,7:58,,Drank coffee:Drank tea,60.60493827160494,0
373,2016-06-16 00:46:59,2016-06-16 06:25:12,64%,5:38,,Drank coffee:Drank tea:Worked out,60.60493827160494,0
374,2016-06-16 22:06:06,2016-06-17 06:01:02,83%,7:54,,Drank coffee:Drank tea:Worked out,60.60493827160494,0
375,2016-06-17 23:28:36,2016-06-18 07:23:00,79%,7:54,,Drank coffee:Drank tea:Worked out,60.60493827160494,0
376,2016-06-19 23:00:43,2016-06-20 06:00:38,74%,6:59,,Drank coffee,60.60493827160494,0
377,2016-06-20 22:34:58,2016-06-21 05:50:46,83%,7:15,,Drank coffee:Worked out,60.60493827160494,0
378,2016-06-21 22:11:24,2016-06-22 05:40:37,83%,7:29,,Drank coffee:Worked out,60.60493827160494,0
379,2016-06-22 22:41:04,2016-06-23 06:22:44,82%,7:41,,Drank coffee:Worked out,60.60493827160494,0
380,2016-06-23 22:32:02,2016-06-24 06:32:15,86%,8:00,,Drank coffee:Worked out,60.60493827160494,0
381,2016-06-26 22:16:19,2016-06-27 06:30:30,64%,8:14,,Drank coffee,60.60493827160494,0
382,2016-06-27 23:48:29,2016-06-28 06:47:24,62%,6:58,,Drank coffee:Stressful day:Worked out,60.60493827160494,0
383,2016-06-28 23:10:25,2016-06-29 06:35:27,77%,7:25,,Drank coffee:Worked out,60.60493827160494,0
384,2016-06-29 22:32:29,2016-06-30 05:55:57,83%,7:23,,Drank coffee:Stressful day:Worked out,60.60493827160494,0
385,2016-07-01 23:32:46,2016-07-02 07:32:54,90%,8:00,,Drank coffee,60.60493827160494,0
386,2016-07-03 21:49:41,2016-07-04 06:02:36,86%,8:12,,,60.60493827160494,0
387,2016-07-04 21:39:08,2016-07-05 05:50:23,85%,8:11,,Drank coffee:Worked out,60.60493827160494,0
388,2016-07-05 22:48:36,2016-07-06 06:05:36,75%,7:16,,Drank coffee:Stressful day:Worked out,60.60493827160494,0
389,2016-07-06 22:13:30,2016-07-07 06:15:50,92%,8:02,,Drank coffee:Worked out,60.60493827160494,0
390,2016-07-07 22:53:15,2016-07-08 07:05:46,96%,8:12,,Drank coffee:Worked out,60.60493827160494,0
391,2016-07-10 22:18:13,2016-07-11 06:17:38,85%,7:59,,Drank coffee,60.60493827160494,0
392,2016-07-11 21:24:42,2016-07-12 06:15:28,99%,8:50,,Drank coffee:Worked out,60.60493827160494,0
393,2016-07-12 22:02:38,2016-07-13 06:15:55,96%,8:13,,Drank coffee:Worked out,60.60493827160494,0
394,2016-07-13 23:13:10,2016-07-14 06:15:33,78%,7:02,,Drank coffee:Worked out,60.60493827160494,0
395,2016-07-14 22:39:55,2016-07-15 06:15:20,84%,7:35,,Drank coffee:Stressful day:Worked out,60.60493827160494,0
396,2016-07-16 00:32:25,2016-07-16 08:19:37,87%,7:47,,Drank coffee:Worked out,60.60493827160494,0
397,2016-07-16 23:20:56,2016-07-17 07:31:40,98%,8:10,,Drank coffee:Worked out,60.60493827160494,0
398,2016-07-17 22:23:36,2016-07-18 06:00:46,76%,7:37,,Drank coffee:Worked out,60.60493827160494,0
399,2016-07-18 22:57:22,2016-07-19 06:05:28,77%,7:08,,Drank coffee:Stressful day:Worked out,60.60493827160494,0
400,2016-07-19 22:36:11,2016-07-20 05:50:31,77%,7:14,,Drank coffee:Worked out,60.60493827160494,0
401,2016-07-20 22:25:37,2016-07-21 05:56:20,82%,7:30,,Drank coffee:Worked out,60.60493827160494,0
402,2016-07-21 23:07:32,2016-07-22 07:00:25,87%,7:52,,Drank coffee:Worked out,60.60493827160494,0
403,2016-07-22 22:20:48,2016-07-23 07:56:07,99%,9:35,,Drank coffee,60.60493827160494,0
404,2016-07-23 23:47:33,2016-07-24 07:56:34,74%,8:09,,Drank coffee,60.60493827160494,0
405,2016-07-24 22:45:58,2016-07-25 06:14:20,81%,7:28,,Drank coffee:Worked out,60.60493827160494,0
406,2016-07-25 21:54:39,2016-07-26 06:02:22,86%,8:07,,Drank coffee:Worked out,60.60493827160494,0
407,2016-07-26 23:03:39,2016-07-27 06:11:38,84%,7:07,,Drank coffee:Worked out,60.60493827160494,0
408,2016-07-27 22:49:44,2016-07-28 07:11:03,95%,8:21,,Drank coffee:Stressful day:Worked out,60.60493827160494,0
409,2016-07-28 22:25:20,2016-07-29 03:35:22,35%,5:10,,Drank coffee,60.60493827160494,0
410,2016-08-16 22:05:56,2016-08-17 05:50:45,96%,7:44,,Drank coffee:Drank tea:Stressful day,60.60493827160494,0
411,2016-08-17 22:42:29,2016-08-18 06:15:46,78%,7:33,,Ate late:Drank coffee:Worked out,60.60493827160494,7200
412,2016-08-18 21:58:44,2016-08-19 06:23:31,36%,8:24,,Drank coffee:Worked out,60.60493827160494,3444
413,2016-08-20 22:04:29,2016-08-21 08:33:27,56%,10:28,,Drank coffee,60.60493827160494,7901
414,2016-08-21 22:08:40,2016-08-22 06:20:25,52%,8:11,,Drank coffee:Drank tea,60.60493827160494,3786
415,2016-08-22 22:13:35,2016-08-23 06:22:47,35%,8:09,,Drank coffee:Worked out,60.60493827160494,2668
416,2016-08-23 23:08:06,2016-08-24 06:38:18,51%,7:30,,Drank coffee:Worked out,60.60493827160494,4213
417,2016-08-24 21:51:35,2016-08-25 06:10:57,54%,8:19,,Drank coffee:Worked out,60.60493827160494,2210
418,2016-08-25 22:06:03,2016-08-26 06:19:47,55%,8:13,,Drank coffee:Worked out,60.60493827160494,3040
419,2016-08-26 23:49:26,2016-08-27 07:26:36,46%,7:37,,Drank coffee:Worked out,60.60493827160494,3887
420,2016-08-27 23:52:04,2016-08-28 08:25:52,48%,8:33,,Drank coffee,60.60493827160494,5631
421,2016-08-28 22:52:01,2016-08-29 06:40:35,36%,7:48,,Drank coffee,60.60493827160494,10059
422,2016-08-29 22:10:33,2016-08-30 06:20:22,40%,8:09,,Drank coffee:Worked out,60.60493827160494,3698
423,2016-08-30 22:21:42,2016-08-31 06:20:48,49%,7:59,,Drank coffee:Worked out,60.60493827160494,4399
424,2016-08-31 22:33:07,2016-09-01 06:20:32,49%,7:47,,Drank coffee:Worked out,60.60493827160494,4015
425,2016-09-01 23:08:05,2016-09-02 05:58:51,54%,6:50,,Drank coffee:Worked out,60.60493827160494,4374
426,2016-09-02 22:38:01,2016-09-03 07:47:43,67%,9:09,,Drank coffee,60.60493827160494,5038
427,2016-09-04 23:28:38,2016-09-05 08:00:45,61%,8:32,,Drank coffee,60.60493827160494,827
428,2016-09-05 21:00:08,2016-09-06 06:20:37,41%,9:20,,Drank tea:Worked out,60.60493827160494,2542
429,2016-09-06 22:11:10,2016-09-07 06:22:09,70%,8:10,,Drank tea:Worked out,60.60493827160494,7370
430,2016-09-07 22:31:00,2016-09-08 06:21:04,69%,7:50,,Drank tea:Worked out,60.60493827160494,5658
431,2016-09-08 22:28:57,2016-09-09 06:10:18,61%,7:41,,Drank tea:Worked out,60.60493827160494,7107
432,2016-09-10 00:45:06,2016-09-10 07:06:54,58%,6:21,,Drank coffee:Worked out,60.60493827160494,7048
433,2016-09-10 22:44:13,2016-09-11 06:01:14,33%,7:17,,Drank tea,60.60493827160494,6925
434,2016-09-11 23:05:56,2016-09-12 06:20:22,60%,7:14,,Drank coffee,60.60493827160494,1130
435,2016-09-12 22:46:00,2016-09-13 06:20:12,67%,7:34,,Drank tea:Worked out,60.60493827160494,7025
436,2016-09-13 21:55:44,2016-09-14 06:07:55,59%,8:12,,Drank tea:Worked out,60.60493827160494,5955
437,2016-09-14 22:26:52,2016-09-15 06:20:38,65%,7:53,,Drank tea:Worked out,60.60493827160494,9243
438,2016-09-17 22:26:00,2016-09-18 08:22:25,70%,9:56,,Drank coffee,60.60493827160494,908
439,2016-09-18 22:28:43,2016-09-19 06:24:18,57%,7:55,,Drank coffee:Worked out,60.60493827160494,2191
440,2016-09-19 22:14:12,2016-09-20 06:22:04,60%,8:07,,Drank tea:Worked out,60.60493827160494,11650
441,2016-09-20 22:39:22,2016-09-21 06:15:30,57%,7:36,,Drank tea:Worked out,60.60493827160494,10842
442,2016-09-21 22:11:55,2016-09-22 06:11:36,60%,7:59,,Drank tea,60.60493827160494,5765
443,2016-09-22 22:26:20,2016-09-23 06:55:45,70%,8:29,,Drank tea:Worked out,60.60493827160494,8047
444,2016-09-25 22:53:08,2016-09-26 06:24:53,58%,7:31,,Drank coffee:Drank tea:Worked out,60.60493827160494,359
445,2016-09-26 22:17:19,2016-09-27 06:20:57,55%,8:03,,Drank tea:Stressful day:Worked out,60.60493827160494,8733
446,2016-09-27 22:22:09,2016-09-28 06:06:46,55%,7:44,,Drank tea:Worked out,60.60493827160494,6963
447,2016-09-28 23:10:52,2016-09-29 06:20:16,60%,7:09,,Drank coffee:Drank tea:Worked out,60.60493827160494,10392
448,2016-09-29 22:50:50,2016-09-30 06:20:29,53%,7:29,,Drank coffee:Worked out,60.60493827160494,7230
449,2016-10-01 00:06:21,2016-10-01 08:27:00,67%,8:20,,Drank coffee:Drank tea:Worked out,60.60493827160494,7255
450,2016-10-01 23:23:45,2016-10-02 07:50:03,55%,8:26,,Drank coffee,60.60493827160494,4555
451,2016-10-02 23:29:07,2016-10-03 06:25:22,54%,6:56,,Drank coffee:Drank tea,60.60493827160494,8954
452,2016-10-03 22:24:38,2016-10-04 06:03:11,62%,7:38,,Drank coffee:Drank tea:Worked out,60.60493827160494,9726
453,2016-10-04 21:53:10,2016-10-05 06:21:35,66%,8:28,,Drank tea:Worked out,60.60493827160494,8587
454,2016-10-05 22:33:02,2016-10-06 06:21:09,54%,7:48,,Drank tea:Worked out,60.60493827160494,8612
455,2016-10-07 00:07:25,2016-10-07 06:40:59,52%,6:33,,Drank tea:Worked out,60.60493827160494,8737
456,2016-10-07 23:18:12,2016-10-08 07:20:20,71%,8:02,,Drank coffee:Drank tea:Worked out,60.60493827160494,10375
457,2016-10-10 22:38:44,2016-10-11 06:28:39,59%,7:49,,Drank coffee:Drank tea:Worked out,60.60493827160494,21870
458,2016-10-11 22:28:30,2016-10-12 06:14:27,56%,7:45,,Drank tea:Worked out,60.60493827160494,10106
459,2016-10-12 22:48:24,2016-10-13 06:05:17,65%,7:16,,Drank coffee:Worked out,60.60493827160494,9308
460,2016-10-13 22:26:35,2016-10-14 06:30:44,61%,8:04,,Drank coffee:Worked out,60.60493827160494,8406
461,2016-10-15 23:00:24,2016-10-16 07:31:15,71%,8:30,,Drank coffee,60.60493827160494,779
462,2016-10-16 22:52:39,2016-10-17 06:20:38,50%,7:27,,Drank coffee:Drank tea,60.60493827160494,3932
463,2016-10-17 22:53:05,2016-10-18 06:27:22,63%,7:34,,Drank coffee:Drank tea:Worked out,60.60493827160494,10266
464,2016-10-18 22:34:56,2016-10-19 06:10:12,67%,7:35,,Drank coffee:Stressful day:Worked out,60.60493827160494,10540
465,2016-10-19 22:13:21,2016-10-20 05:49:19,64%,7:35,,Drank coffee:Worked out,60.60493827160494,8164
466,2016-10-20 22:14:18,2016-10-21 06:33:30,67%,8:19,,Drank coffee:Drank tea:Worked out,60.60493827160494,7271
467,2016-10-22 01:38:50,2016-10-22 07:18:16,54%,5:39,,Drank coffee:Drank tea,60.60493827160494,6044
468,2016-10-23 00:07:46,2016-10-23 08:47:55,81%,8:40,,Drank coffee,60.60493827160494,7682
469,2016-10-23 22:21:35,2016-10-24 06:23:30,66%,8:01,,Drank coffee:Drank tea,60.60493827160494,6719
470,2016-10-24 23:04:24,2016-10-25 06:25:53,65%,7:21,,Drank coffee:Drank tea:Worked out,60.60493827160494,8273
471,2016-10-25 22:48:36,2016-10-26 06:35:20,69%,7:46,,Drank tea:Worked out,60.60493827160494,6366
472,2016-10-26 22:55:13,2016-10-27 06:26:10,72%,7:30,,Drank coffee:Drank tea:Worked out,60.60493827160494,9368
473,2016-10-27 23:03:27,2016-10-28 06:35:41,63%,7:32,,Drank coffee:Drank tea:Worked out,60.60493827160494,7967
474,2016-10-29 00:16:28,2016-10-29 07:51:08,66%,7:34,,Drank coffee:Drank tea,60.60493827160494,8641
475,2016-10-30 22:46:10,2016-10-31 06:10:08,68%,7:23,,Drank coffee:Worked out,60.60493827160494,1283
476,2016-11-01 22:19:52,2016-11-02 05:57:51,68%,7:37,,Drank tea:Stressful day:Worked out,60.60493827160494,4542
477,2016-11-02 22:52:01,2016-11-03 06:30:20,72%,7:38,,Drank coffee:Drank tea:Stressful day,60.60493827160494,2870
478,2016-11-04 00:13:27,2016-11-04 06:15:18,52%,6:01,,Drank coffee:Drank tea:Stressful day,60.60493827160494,10506
479,2016-11-04 22:49:41,2016-11-05 07:58:35,80%,9:08,,Drank coffee:Stressful day,60.60493827160494,6716
480,2016-11-06 21:58:25,2016-11-07 05:47:40,65%,7:49,,Drank coffee,60.60493827160494,6623
481,2016-11-07 22:16:20,2016-11-08 05:51:55,70%,7:35,,Drank tea:Worked out,60.60493827160494,6608
482,2016-11-08 22:51:28,2016-11-09 05:48:09,62%,6:56,,Drank coffee:Drank tea:Worked out,60.60493827160494,7119
483,2016-11-09 22:37:37,2016-11-10 05:55:35,65%,7:17,,Drank coffee:Drank tea:Worked out,60.60493827160494,8981
484,2016-11-10 23:58:36,2016-11-11 07:19:01,56%,7:20,,Drank coffee:Drank tea:Worked out,60.60493827160494,7385
485,2016-11-11 23:25:33,2016-11-12 07:16:45,74%,7:51,,Drank coffee:Drank tea,60.60493827160494,737
486,2016-11-15 22:14:54,2016-11-16 07:35:12,72%,9:20,,Drank tea,60.60493827160494,5274
487,2016-11-16 23:10:58,2016-11-17 07:07:23,70%,7:56,,Drank coffee,60.60493827160494,2670
488,2016-11-17 23:15:24,2016-11-18 06:59:25,73%,7:44,,Drank tea,60.60493827160494,5825
489,2016-11-18 23:37:14,2016-11-19 07:13:39,70%,7:36,,Drank coffee:Drank tea,60.60493827160494,5971
490,2016-11-19 23:47:47,2016-11-20 07:53:30,81%,8:05,,Drank tea,60.60493827160494,1540
491,2016-11-20 23:00:56,2016-11-21 07:02:20,80%,8:01,,Drank coffee:Drank tea,60.60493827160494,847
492,2016-11-21 22:38:54,2016-11-22 05:40:29,68%,7:01,,Drank coffee:Drank tea,60.60493827160494,6149
493,2016-11-22 21:26:49,2016-11-23 05:40:44,80%,8:13,,Drank tea:Worked out,60.60493827160494,10585
494,2016-11-23 22:44:23,2016-11-24 06:10:19,73%,7:25,,Drank coffee:Drank tea:Worked out,60.60493827160494,10248
495,2016-11-24 22:00:35,2016-11-25 06:39:41,88%,8:39,,Drank tea:Worked out,60.60493827160494,6536
496,2016-11-25 23:09:40,2016-11-26 07:40:13,89%,8:30,,Drank coffee:Drank tea,60.60493827160494,5628
497,2016-11-27 22:01:16,2016-11-28 06:18:05,75%,8:16,,Drank tea,60.60493827160494,595
498,2016-11-28 22:35:53,2016-11-29 06:26:48,83%,7:50,,Drank tea:Worked out,60.60493827160494,7499
499,2016-11-29 23:33:57,2016-11-30 06:31:02,71%,6:57,,Drank tea,60.60493827160494,3196
500,2016-11-30 21:12:34,2016-12-01 05:13:52,89%,8:01,,Drank coffee:Drank tea,60.60493827160494,3763
501,2016-12-01 05:14:26,2016-12-01 06:38:52,17%,1:24,,,60.60493827160494,3763
502,2016-12-01 21:40:00,2016-12-02 05:11:18,71%,7:31,,Drank tea,60.60493827160494,4904
503,2016-12-04 01:18:30,2016-12-04 09:20:41,89%,8:02,,Drank coffee:Drank tea,60.60493827160494,3158
504,2016-12-04 21:45:14,2016-12-05 05:45:33,78%,8:00,,Drank tea,60.60493827160494,4514
505,2016-12-05 21:44:42,2016-12-06 05:40:05,79%,7:55,,Drank tea:Worked out,60.60493827160494,7137
506,2016-12-06 22:13:52,2016-12-07 05:46:46,72%,7:32,,Drank tea:Worked out,60.60493827160494,7709
507,2016-12-07 22:46:53,2016-12-08 06:19:39,82%,7:32,,Drank coffee:Drank tea:Worked out,60.60493827160494,10521
508,2016-12-08 23:32:15,2016-12-09 06:47:33,69%,7:15,,Drank coffee:Drank tea:Worked out,60.60493827160494,9338
509,2016-12-09 22:48:02,2016-12-10 08:11:02,79%,9:23,,Drank tea,60.60493827160494,4629
510,2016-12-11 01:07:36,2016-12-11 08:27:16,82%,7:19,,Drank coffee:Worked out,60.60493827160494,5776
511,2016-12-11 22:14:46,2016-12-12 06:16:45,85%,8:01,,Drank tea,60.60493827160494,168
512,2016-12-12 22:56:32,2016-12-13 06:35:28,81%,7:38,,Drank coffee:Drank tea,60.60493827160494,6964
513,2016-12-13 22:02:53,2016-12-14 06:05:24,83%,8:02,,Drank coffee:Drank tea:Worked out,60.60493827160494,3448
514,2016-12-14 21:57:40,2016-12-15 06:18:20,74%,8:20,,Drank tea,60.60493827160494,4114
515,2016-12-15 21:29:37,2016-12-16 05:00:47,75%,7:31,,Drank tea,60.60493827160494,7112
516,2016-12-18 22:35:39,2016-12-19 05:47:37,78%,7:11,,Drank coffee:Drank tea,60.60493827160494,3391
517,2016-12-19 21:49:28,2016-12-20 06:35:32,96%,8:46,,Drank tea,60.60493827160494,2335
518,2016-12-20 23:48:48,2016-12-21 07:09:06,84%,7:20,,Drank tea,60.60493827160494,7293
519,2016-12-21 23:56:08,2016-12-22 07:30:08,86%,7:33,,Drank coffee:Drank tea,60.60493827160494,8488
520,2016-12-22 23:07:02,2016-12-23 07:07:26,74%,8:00,,Drank coffee:Drank tea:Stressful day,60.60493827160494,5701
521,2016-12-27 23:17:04,2016-12-28 07:22:29,69%,8:05,,Drank coffee:Drank tea,60.60493827160494,4509
522,2016-12-30 23:25:36,2016-12-31 08:26:18,92%,9:00,,Drank coffee:Drank tea,60.60493827160494,3868
523,2017-01-02 22:35:54,2017-01-03 05:10:36,73%,6:34,,Drank coffee:Drank tea,60.60493827160494,5216
524,2017-01-03 05:11:12,2017-01-03 06:30:19,17%,1:19,,,60.60493827160494,5216
525,2017-01-03 21:47:36,2017-01-04 05:57:07,87%,8:09,,Drank tea,60.60493827160494,3669
526,2017-01-04 22:40:41,2017-01-05 06:10:16,87%,7:29,,Drank coffee:Drank tea:Worked out,60.60493827160494,10856
527,2017-01-05 22:39:33,2017-01-06 06:42:11,93%,8:02,,Drank tea:Worked out,60.60493827160494,7787
528,2017-01-06 23:14:42,2017-01-07 08:43:54,90%,9:29,,Drank coffee:Drank tea,60.60493827160494,10344
529,2017-01-08 00:34:09,2017-01-08 07:56:17,79%,7:22,,Drank tea,60.60493827160494,3094
530,2017-01-08 22:07:26,2017-01-09 06:23:46,84%,8:16,,Drank tea,60.60493827160494,202
531,2017-01-09 22:42:26,2017-01-10 06:40:14,65%,7:57,,Drank coffee:Drank tea,60.60493827160494,7122
532,2017-01-10 22:20:00,2017-01-11 06:14:43,84%,7:54,,Drank coffee:Drank tea,60.60493827160494,1734
533,2017-01-11 22:14:13,2017-01-12 05:22:08,73%,7:07,,Drank coffee:Drank tea,60.60493827160494,2562
534,2017-01-12 22:13:43,2017-01-13 05:31:40,64%,7:17,,Ate late:Drank coffee:Drank tea,60.60493827160494,8076
535,2017-01-13 23:27:43,2017-01-14 07:22:42,89%,7:54,,Drank tea:Worked out,60.60493827160494,12802
536,2017-01-15 23:25:52,2017-01-16 06:58:37,74%,7:32,,Drank coffee:Drank tea:Worked out,60.60493827160494,12258
537,2017-01-16 21:58:38,2017-01-17 05:11:26,71%,7:12,,Drank tea,60.60493827160494,4540
538,2017-01-17 05:12:01,2017-01-17 07:20:39,24%,2:08,,,60.60493827160494,4540
539,2017-01-17 22:23:54,2017-01-18 05:01:08,57%,6:37,,Drank tea,60.60493827160494,173
540,2017-01-18 22:22:23,2017-01-19 06:31:54,76%,8:09,,Drank tea,60.60493827160494,6368
541,2017-01-19 22:14:59,2017-01-20 06:30:21,92%,8:15,,Drank coffee:Drank tea,60.60493827160494,1740
542,2017-01-20 23:07:08,2017-01-21 07:45:58,78%,8:38,,Drank tea,60.60493827160494,5056
543,2017-01-21 23:12:38,2017-01-22 07:42:38,96%,8:29,,Drank tea,60.60493827160494,4223
544,2017-01-22 22:03:13,2017-01-23 06:25:22,64%,8:22,,Drank tea,60.60493827160494,4336
545,2017-01-23 22:34:02,2017-01-24 06:09:14,89%,7:35,,Drank coffee:Drank tea,60.60493827160494,4772
546,2017-01-24 22:55:44,2017-01-25 06:13:18,84%,7:17,,Drank coffee:Drank tea,60.60493827160494,3492
547,2017-01-25 20:54:01,2017-01-26 05:09:50,85%,8:15,,Drank tea:Worked out,60.60493827160494,6010
548,2017-01-26 22:12:44,2017-01-27 04:58:00,54%,6:45,,Drank coffee:Drank tea:Worked out,60.60493827160494,4200
549,2017-01-27 04:58:17,2017-01-27 06:40:57,21%,1:42,,,60.60493827160494,4200
550,2017-01-27 23:22:46,2017-01-28 07:25:11,91%,8:02,,Drank coffee:Drank tea,60.60493827160494,4573
551,2017-01-30 23:27:29,2017-01-31 06:01:53,63%,6:34,,Drank coffee,60.60493827160494,3228
552,2017-01-31 22:44:33,2017-02-01 06:20:33,78%,7:36,,Drank coffee:Drank tea:Worked out,60.60493827160494,5379
553,2017-02-01 22:41:03,2017-02-02 06:10:32,74%,7:29,,Drank coffee:Drank tea:Worked out,60.60493827160494,7521
554,2017-02-02 22:19:54,2017-02-03 06:31:10,85%,8:11,,Drank coffee:Drank tea,60.60493827160494,2309
555,2017-02-03 23:58:49,2017-02-04 07:08:37,80%,7:09,,Drank coffee:Drank tea,60.60493827160494,2983
556,2017-02-04 23:45:02,2017-02-05 07:20:28,68%,7:35,,Drank coffee:Drank tea,60.60493827160494,6833
557,2017-02-05 22:53:55,2017-02-06 06:30:28,75%,7:36,,Drank coffee:Drank tea,60.60493827160494,7665
558,2017-02-06 22:30:15,2017-02-07 06:20:17,71%,7:50,,Ate late:Drank coffee:Drank tea:Worked out,60.60493827160494,7552
559,2017-02-07 23:34:51,2017-02-08 06:30:17,71%,6:55,,Drank coffee:Drank tea,60.60493827160494,5339
560,2017-02-08 23:46:48,2017-02-09 06:27:00,68%,6:40,,Drank coffee:Drank tea,60.60493827160494,4076
561,2017-02-09 22:31:43,2017-02-10 05:00:18,62%,6:28,,Drank coffee:Drank tea:Stressful day:Worked out,60.60493827160494,12892
562,2017-02-10 05:00:41,2017-02-10 06:36:44,21%,1:36,,,60.60493827160494,12892
563,2017-02-10 22:37:33,2017-02-11 07:07:59,100%,8:30,,Drank tea,60.60493827160494,3417
564,2017-02-12 21:49:33,2017-02-13 07:06:19,63%,9:16,,Drank coffee:Drank tea,60.60493827160494,2756
565,2017-02-13 21:51:58,2017-02-14 05:02:27,74%,7:10,,Drank coffee:Drank tea,60.60493827160494,6003
566,2017-02-14 05:02:55,2017-02-14 06:36:52,12%,1:33,,,60.60493827160494,6003
567,2017-02-14 23:17:25,2017-02-15 06:13:14,59%,6:55,,Drank coffee:Drank tea,60.60493827160494,3588
568,2017-02-15 22:36:26,2017-02-16 06:25:08,44%,7:48,,Drank coffee:Drank tea,60.60493827160494,5558
569,2017-02-16 22:33:17,2017-02-17 06:31:28,83%,7:58,,Drank coffee:Drank tea,60.60493827160494,3301
570,2017-02-17 23:49:14,2017-02-18 08:09:19,93%,8:20,,Drank coffee:Drank tea,60.60493827160494,3027
571,2017-02-19 00:28:17,2017-02-19 08:16:49,79%,7:48,,Drank tea,60.60493827160494,3361
572,2017-02-19 22:12:40,2017-02-20 06:16:47,66%,8:04,,Drank coffee:Drank tea,60.60493827160494,460
573,2017-02-20 22:43:58,2017-02-21 06:27:19,76%,7:43,,Drank tea,60.60493827160494,7419
574,2017-02-21 23:14:34,2017-02-22 06:26:11,72%,7:11,,Drank coffee:Drank tea,60.60493827160494,5499
575,2017-02-22 21:30:46,2017-02-23 05:02:42,83%,7:31,,Drank tea,60.60493827160494,4258
576,2017-02-23 22:15:13,2017-02-24 05:34:22,81%,7:19,,Drank coffee:Drank tea,60.60493827160494,5862
577,2017-02-24 05:34:46,2017-02-24 06:30:30,12%,0:55,,,60.60493827160494,5862
578,2017-02-25 02:46:24,2017-02-25 09:52:39,80%,7:06,,Ate late:Drank coffee:Drank tea:Worked out,60.60493827160494,6388
579,2017-02-26 00:40:06,2017-02-26 07:47:20,77%,7:07,,Drank tea,60.60493827160494,4275
580,2017-02-27 22:16:11,2017-02-28 05:50:20,81%,7:34,,Drank coffee,60.60493827160494,2499
581,2017-02-28 21:39:30,2017-03-01 05:40:39,87%,8:01,,Drank coffee:Drank tea:Worked out,60.60493827160494,7351
582,2017-03-01 05:43:20,2017-03-01 06:40:40,12%,0:57,,,60.60493827160494,7351
583,2017-03-01 22:23:16,2017-03-02 06:30:31,85%,8:07,,Drank coffee:Drank tea,60.60493827160494,6109
584,2017-03-02 22:22:27,2017-03-03 06:18:06,81%,7:55,,Drank coffee:Drank tea:Worked out,60.60493827160494,6388
585,2017-03-05 00:12:24,2017-03-05 08:28:54,96%,8:16,,Drank coffee:Drank tea,60.60493827160494,6785
586,2017-03-05 22:01:00,2017-03-06 06:08:33,93%,8:07,,Drank coffee:Drank tea,60.60493827160494,171
587,2017-03-06 22:01:27,2017-03-07 06:22:56,97%,8:21,,Drank coffee:Drank tea,60.60493827160494,4670
588,2017-03-07 22:13:31,2017-03-08 06:15:26,90%,8:01,,Drank coffee:Drank tea:Worked out,60.60493827160494,7000
589,2017-03-08 21:13:09,2017-03-09 06:18:48,85%,9:05,,Drank coffee:Drank tea,60.60493827160494,3744
590,2017-03-09 21:48:29,2017-03-10 05:01:32,71%,7:13,,Drank coffee:Drank tea:Worked out,60.60493827160494,7028
591,2017-03-10 22:42:49,2017-03-11 06:57:16,86%,8:14,,Drank coffee:Drank tea,60.60493827160494,2679
592,2017-03-12 22:39:47,2017-03-13 06:33:44,80%,7:53,,Drank coffee:Drank tea,60.60493827160494,1572
593,2017-03-13 21:20:30,2017-03-14 05:02:38,81%,7:42,,Drank tea:Worked out,60.60493827160494,6212
594,2017-03-14 21:06:21,2017-03-15 05:23:46,89%,8:17,,Drank tea:Worked out,60.60493827160494,5933
595,2017-03-15 22:33:27,2017-03-16 06:17:42,71%,7:44,,Drank coffee:Drank tea:Worked out,60.60493827160494,9185
596,2017-03-16 22:33:05,2017-03-17 06:37:29,95%,8:04,,Drank coffee:Drank tea:Worked out,60.60493827160494,7887
597,2017-03-17 22:55:16,2017-03-18 08:02:40,99%,9:07,,Drank coffee:Drank tea,60.60493827160494,10528
598,2017-03-18 22:26:50,2017-03-19 07:21:18,89%,8:54,,Drank tea,60.60493827160494,302
599,2017-03-20 00:02:06,2017-03-20 07:20:24,79%,7:18,,Drank coffee:Drank tea,60.60493827160494,2750
600,2017-03-20 23:35:25,2017-03-21 07:16:45,88%,7:41,,Drank coffee:Drank tea,60.60493827160494,3695
601,2017-03-21 23:20:23,2017-03-22 06:21:50,79%,7:01,,Drank coffee:Drank tea,60.60493827160494,1913
602,2017-03-22 22:02:27,2017-03-23 05:15:10,72%,7:12,,Drank tea:Worked out,60.60493827160494,7155
603,2017-03-23 22:20:49,2017-03-24 05:41:56,76%,7:21,,Drank coffee:Drank tea:Worked out,60.60493827160494,7810
604,2017-03-25 23:19:31,2017-03-26 07:16:06,100%,7:56,,Drank coffee:Drank tea,60.60493827160494,3549
605,2017-03-26 22:03:26,2017-03-27 05:33:14,83%,7:29,,Drank coffee:Drank tea:Worked out,60.60493827160494,3554
606,2017-03-27 21:19:26,2017-03-28 05:42:21,78%,8:22,,Drank tea:Worked out,60.60493827160494,7562
607,2017-03-28 22:29:53,2017-03-29 05:41:34,78%,7:11,,Drank coffee:Drank tea:Worked out,60.60493827160494,7823
608,2017-03-29 22:29:26,2017-03-30 06:04:16,79%,7:34,,Drank coffee:Drank tea:Worked out,60.60493827160494,7708
609,2017-03-30 22:42:12,2017-03-31 07:33:52,93%,8:51,,Drank coffee:Drank tea:Worked out,60.60493827160494,8615
610,2017-04-01 02:10:07,2017-04-01 08:37:45,80%,6:27,,Drank coffee:Drank tea,60.60493827160494,9461
611,2017-04-01 21:22:18,2017-04-02 07:16:24,95%,9:54,,Drank tea,60.60493827160494,4595
612,2017-04-02 22:01:10,2017-04-03 06:20:15,90%,8:19,,Drank coffee:Drank tea:Worked out,60.60493827160494,2835
613,2017-04-03 21:58:04,2017-04-04 06:01:05,92%,8:03,,Drank tea,60.60493827160494,1898
614,2017-04-04 22:01:48,2017-04-05 06:11:12,81%,8:09,,Drank tea:Worked out,60.60493827160494,8396
615,2017-04-05 23:45:02,2017-04-06 06:20:30,73%,6:35,,Drank coffee:Drank tea:Worked out,60.60493827160494,7948
616,2017-04-06 23:12:55,2017-04-07 06:20:28,68%,7:07,,Drank coffee:Drank tea:Worked out,60.60493827160494,14408
617,2017-04-08 00:00:47,2017-04-08 07:30:09,75%,7:29,,Drank coffee:Drank tea:Worked out,60.60493827160494,8646
618,2017-04-10 00:52:01,2017-04-10 06:32:21,65%,5:40,,Drank coffee,60.60493827160494,771
619,2017-04-10 22:21:48,2017-04-11 05:41:07,70%,7:19,,Drank tea:Worked out,60.60493827160494,11355
620,2017-04-11 06:03:43,2017-04-11 06:31:04,6%,0:27,,,60.60493827160494,0
621,2017-04-11 22:39:32,2017-04-12 05:55:47,67%,7:16,,,60.60493827160494,4153
622,2017-04-12 21:42:46,2017-04-13 06:54:43,74%,9:11,,Drank tea,60.60493827160494,1318
623,2017-04-13 23:52:36,2017-04-14 08:05:24,83%,8:12,,Drank coffee:Drank tea,60.60493827160494,889
624,2017-04-14 21:45:29,2017-04-15 07:52:55,88%,10:07,,Drank tea,60.60493827160494,4787
625,2017-04-15 23:23:33,2017-04-16 07:05:46,73%,7:42,,Drank tea,60.60493827160494,4581
626,2017-04-17 00:06:45,2017-04-17 07:51:04,83%,7:44,,Drank coffee:Drank tea,60.60493827160494,1510
627,2017-04-17 22:12:26,2017-04-18 05:54:09,66%,7:41,,Drank coffee:Drank tea,60.60493827160494,780
628,2017-04-18 22:43:50,2017-04-19 06:20:23,59%,7:36,,Drank coffee:Drank tea:Worked out,60.60493827160494,6284
629,2017-04-19 21:39:14,2017-04-20 05:30:23,75%,7:51,,,60.60493827160494,8213
630,2017-04-20 22:15:07,2017-04-21 05:41:14,75%,7:26,,Drank coffee:Drank tea:Worked out,60.60493827160494,7905
631,2017-04-21 22:36:25,2017-04-22 07:46:24,83%,9:09,,Drank coffee:Drank tea:Worked out,60.60493827160494,8072
632,2017-04-23 00:53:51,2017-04-23 08:38:20,86%,7:44,,Drank coffee:Drank tea,60.60493827160494,2666
633,2017-04-23 22:31:31,2017-04-24 06:31:01,75%,7:59,,Drank coffee,60.60493827160494,3042
634,2017-04-24 23:07:26,2017-04-25 06:34:32,72%,7:27,,Drank coffee:Drank tea:Worked out,60.60493827160494,10319
635,2017-04-25 22:20:09,2017-04-26 06:20:58,85%,8:00,,Drank coffee:Drank tea:Worked out,60.60493827160494,8358
636,2017-04-26 22:25:19,2017-04-27 06:32:18,68%,8:06,,Drank coffee:Drank tea:Worked out,60.60493827160494,7337
637,2017-04-27 22:48:26,2017-04-28 06:40:19,64%,7:51,,Drank coffee:Drank tea:Worked out,60.60493827160494,6551
638,2017-04-28 23:39:58,2017-04-29 08:17:11,90%,8:37,,Drank coffee:Drank tea:Stressful day,60.60493827160494,3357
639,2017-04-29 23:39:22,2017-04-30 07:23:20,74%,7:43,,Drank coffee:Drank tea,60.60493827160494,2668
640,2017-04-30 22:28:38,2017-05-01 06:16:14,72%,7:47,,Drank coffee:Drank tea:Worked out,60.60493827160494,7491
641,2017-05-01 22:00:53,2017-05-02 06:17:03,74%,8:16,,Drank coffee:Drank tea:Worked out,60.60493827160494,11475
642,2017-05-02 21:47:56,2017-05-03 06:04:42,77%,8:16,,Drank coffee:Drank tea:Worked out,60.60493827160494,4810
643,2017-05-03 22:59:05,2017-05-04 06:20:50,59%,7:21,,Drank coffee:Drank tea:Worked out,60.60493827160494,6932
644,2017-05-04 22:37:37,2017-05-05 06:10:20,73%,7:32,,Drank coffee:Drank tea:Worked out,60.60493827160494,5954
645,2017-05-06 00:25:02,2017-05-06 07:45:11,83%,7:20,,Drank coffee:Drank tea:Worked out,60.60493827160494,11070
646,2017-05-07 21:51:42,2017-05-08 06:10:11,81%,8:18,,Drank coffee,60.60493827160494,4310
647,2017-05-08 22:28:29,2017-05-09 06:11:31,66%,7:43,,Drank coffee:Drank tea:Worked out,60.60493827160494,8598
648,2017-05-09 23:33:31,2017-05-10 06:03:03,64%,6:29,,Drank coffee:Drank tea:Worked out,60.60493827160494,6073
649,2017-05-10 06:04:51,2017-05-10 07:45:36,18%,1:40,,,60.60493827160494,0
650,2017-05-10 22:43:36,2017-05-11 06:16:14,82%,7:32,,Drank coffee:Drank tea,60.60493827160494,2854
651,2017-05-11 21:52:42,2017-05-12 06:40:09,95%,8:47,,Drank coffee:Drank tea:Worked out,60.60493827160494,4280
652,2017-05-13 00:42:34,2017-05-13 07:41:35,73%,6:59,,Drank coffee:Drank tea:Worked out,60.60493827160494,4068
653,2017-05-14 00:04:29,2017-05-14 08:11:13,73%,8:06,,Drank tea,60.60493827160494,3298
654,2017-05-14 21:57:30,2017-05-15 06:20:25,77%,8:22,,Drank coffee:Drank tea,60.60493827160494,3958
655,2017-05-15 22:55:59,2017-05-16 06:30:17,75%,7:34,,Drank coffee:Drank tea:Worked out,60.60493827160494,7661
656,2017-05-16 22:41:34,2017-05-17 06:17:58,73%,7:36,,Drank tea,60.60493827160494,1865
657,2017-05-17 22:44:16,2017-05-18 06:40:48,90%,7:56,,Drank coffee:Drank tea:Worked out,60.60493827160494,6764
658,2017-05-18 23:17:42,2017-05-19 06:27:47,88%,7:10,,Drank coffee:Drank tea:Stressful day:Worked out,60.60493827160494,82
659,2017-05-20 01:04:03,2017-05-20 08:56:08,73%,7:52,,Drank coffee:Drank tea:Worked out,60.60493827160494,5606
660,2017-05-22 22:29:18,2017-05-23 07:35:39,90%,9:06,,Drank tea:Worked out,60.60493827160494,8858
661,2017-05-24 00:14:39,2017-05-24 07:46:48,70%,7:32,,Drank coffee:Worked out,60.60493827160494,14276
662,2017-05-24 22:09:30,2017-05-25 06:37:45,82%,8:28,,Drank tea:Worked out,60.60493827160494,3884
663,2017-05-25 22:19:48,2017-05-26 06:24:25,73%,8:04,,Drank tea:Worked out,60.60493827160494,4565
664,2017-05-28 00:18:11,2017-05-28 08:01:15,81%,7:43,,Drank coffee:Worked out,60.60493827160494,3770
665,2017-05-28 22:37:11,2017-05-29 06:18:28,75%,7:41,,Drank coffee,60.60493827160494,1450
666,2017-05-29 22:28:43,2017-05-30 06:11:10,88%,7:42,,Drank coffee:Stressful day:Worked out,60.60493827160494,7711
667,2017-05-30 21:59:14,2017-05-31 06:20:27,75%,8:21,,Ate late:Drank coffee:Worked out,60.60493827160494,6430
668,2017-05-31 22:26:34,2017-06-01 05:45:50,86%,7:19,,Drank coffee:Drank tea:Worked out,60.60493827160494,6964
669,2017-06-01 22:59:29,2017-06-02 06:40:30,80%,7:41,,Drank coffee:Drank tea:Worked out,60.60493827160494,4562
670,2017-06-02 22:05:31,2017-06-03 06:11:20,69%,8:05,,Drank coffee:Drank tea,60.60493827160494,1867
671,2017-06-03 21:56:57,2017-06-04 07:13:29,72%,9:16,,Drank coffee:Worked out,60.60493827160494,8205
672,2017-06-04 23:14:35,2017-06-05 06:21:14,67%,7:06,,Drank coffee,60.60493827160494,6705
673,2017-06-05 22:30:09,2017-06-06 06:17:34,74%,7:47,,Drank coffee:Worked out,60.60493827160494,7820
674,2017-06-06 21:38:46,2017-06-07 05:53:29,76%,8:14,,Drank coffee:Drank tea:Stressful day:Worked out,60.60493827160494,5391
675,2017-06-07 22:54:08,2017-06-08 06:34:25,41%,7:40,,Drank coffee:Drank tea:Worked out,60.60493827160494,10542
676,2017-06-08 21:47:22,2017-06-09 06:17:26,70%,8:30,,Drank tea,60.60493827160494,255
677,2017-06-10 00:07:56,2017-06-10 07:55:35,67%,7:47,,,60.60493827160494,10427
678,2017-06-11 22:18:20,2017-06-12 06:10:31,78%,7:52,,,60.60493827160494,6507
679,2017-06-12 21:44:54,2017-06-13 06:17:41,93%,8:32,,,60.60493827160494,10373
680,2017-06-13 22:18:02,2017-06-14 06:12:15,74%,7:54,,,60.60493827160494,9204
681,2017-06-14 22:34:54,2017-06-15 06:13:20,68%,7:38,,,60.60493827160494,5027
682,2017-06-15 22:19:07,2017-06-16 06:07:14,76%,7:48,,,60.60493827160494,7106
683,2017-06-18 05:01:21,2017-06-18 07:34:55,31%,2:33,,,60.60493827160494,12153
684,2017-06-18 07:35:10,2017-06-18 08:09:18,7%,0:34,,,60.60493827160494,804
685,2017-06-18 22:22:20,2017-06-19 06:02:19,66%,7:39,,,60.60493827160494,5251
686,2017-06-19 22:57:14,2017-06-20 06:24:06,70%,7:26,,,60.60493827160494,6672
687,2017-06-20 22:31:36,2017-06-21 06:15:06,77%,7:43,,,60.60493827160494,7007
688,2017-06-21 06:16:05,2017-06-21 07:03:46,10%,0:47,,,60.60493827160494,0
689,2017-06-21 22:32:49,2017-06-22 06:10:27,72%,7:37,,,60.60493827160494,4898
690,2017-06-22 23:37:40,2017-06-23 06:38:08,59%,7:00,,,60.60493827160494,7064
691,2017-06-23 23:26:37,2017-06-24 07:11:05,74%,7:44,,,60.60493827160494,114
692,2017-06-25 22:08:35,2017-06-26 06:18:46,83%,8:10,,,60.60493827160494,3403
693,2017-06-26 21:24:01,2017-06-27 06:15:53,90%,8:51,,,60.60493827160494,6043
694,2017-06-27 21:52:15,2017-06-28 06:33:17,86%,8:41,,,60.60493827160494,8946
695,2017-06-28 21:53:16,2017-06-29 06:21:30,69%,8:28,,,60.60493827160494,7778
696,2017-06-29 22:32:41,2017-06-30 06:33:05,77%,8:00,,,60.60493827160494,5510
697,2017-07-03 00:31:28,2017-07-03 07:44:16,81%,7:12,,,60.60493827160494,17770
698,2017-07-03 22:37:36,2017-07-04 06:18:46,73%,7:41,,,60.60493827160494,10604
699,2017-07-04 22:07:02,2017-07-05 05:55:45,74%,7:48,,,60.60493827160494,7474
700,2017-07-05 21:48:16,2017-07-06 05:43:17,66%,7:55,,,60.60493827160494,6430
701,2017-07-06 22:33:57,2017-07-07 06:31:01,73%,7:57,,,60.60493827160494,11076
702,2017-07-09 22:36:36,2017-07-10 05:59:34,70%,7:22,,,60.60493827160494,12647
703,2017-07-10 22:25:58,2017-07-11 06:01:00,74%,7:35,,,60.60493827160494,4260
704,2017-07-11 21:39:56,2017-07-12 06:06:25,65%,8:26,,,60.60493827160494,5504
705,2017-07-12 23:12:08,2017-07-13 06:25:50,67%,7:13,,,60.60493827160494,6915
706,2017-07-13 22:30:55,2017-07-14 06:45:43,81%,8:14,,,60.60493827160494,3919
707,2017-07-15 01:10:44,2017-07-15 07:54:40,78%,6:43,,,60.60493827160494,5342
708,2017-07-16 02:12:50,2017-07-16 07:53:21,69%,5:40,,,60.60493827160494,3739
709,2017-07-16 22:08:10,2017-07-17 06:25:30,70%,8:17,,,60.60493827160494,5925
710,2017-07-17 22:51:14,2017-07-18 06:17:36,71%,7:26,,,60.60493827160494,4840
711,2017-07-18 22:00:00,2017-07-19 06:39:58,84%,8:39,,,60.60493827160494,5157
712,2017-07-19 21:45:40,2017-07-20 05:55:33,87%,8:09,,,60.60493827160494,4336
713,2017-07-22 01:06:17,2017-07-22 07:54:35,68%,6:48,,,60.60493827160494,135
714,2017-07-22 23:13:07,2017-07-23 07:10:13,78%,7:57,,,60.60493827160494,5579
715,2017-07-23 21:57:52,2017-07-24 05:49:17,84%,7:51,,,60.60493827160494,3901
716,2017-07-25 05:34:23,2017-07-25 05:55:30,5%,0:21,,,60.60493827160494,6485
717,2017-07-25 22:04:25,2017-07-26 05:48:19,87%,7:43,,,60.60493827160494,5451
718,2017-07-26 22:29:46,2017-07-27 06:05:30,74%,7:35,,,60.60493827160494,2899
719,2017-07-27 21:53:02,2017-07-28 05:50:03,51%,7:57,,,60.60493827160494,1552
720,2017-07-28 23:29:02,2017-07-29 06:22:28,38%,6:53,,,60.60493827160494,5221
721,2017-07-29 22:00:52,2017-07-30 06:50:26,72%,8:49,,,60.60493827160494,3834
722,2017-07-30 23:20:22,2017-07-31 06:33:10,89%,7:12,,,60.60493827160494,1018
723,2017-07-31 22:39:28,2017-08-01 06:19:20,82%,7:39,,,60.60493827160494,1837
724,2017-08-01 23:15:08,2017-08-02 06:10:05,77%,6:54,,,60.60493827160494,893
725,2017-08-02 22:32:50,2017-08-03 06:06:01,81%,7:33,,,60.60493827160494,5280
726,2017-08-03 23:14:21,2017-08-04 06:32:32,80%,7:18,,,60.60493827160494,3584
727,2017-08-04 22:59:14,2017-08-05 07:31:09,76%,8:31,,,60.60493827160494,1114
728,2017-08-05 23:37:59,2017-08-06 07:38:03,81%,8:00,,,60.60493827160494,5152
729,2017-08-06 23:03:23,2017-08-07 08:12:03,99%,9:08,,,60.60493827160494,3045
730,2017-08-07 23:14:29,2017-08-08 07:41:10,73%,8:26,,,60.60493827160494,2429
731,2017-08-08 22:34:04,2017-08-09 06:05:52,81%,7:31,,,60.60493827160494,7187
732,2017-08-09 23:22:48,2017-08-10 05:53:13,59%,6:30,,,60.60493827160494,4488
733,2017-08-12 22:58:37,2017-08-13 06:40:56,79%,7:42,,,60.60493827160494,5541
734,2017-08-13 22:46:18,2017-08-14 05:51:01,58%,7:04,,,60.60493827160494,6246
735,2017-08-14 22:32:46,2017-08-15 05:51:31,67%,7:18,,,60.60493827160494,7940
736,2017-08-15 21:56:15,2017-08-16 06:30:25,83%,8:34,,,60.60493827160494,5029
737,2017-08-16 22:01:52,2017-08-17 05:29:51,81%,7:27,,,60.60493827160494,9185
738,2017-08-17 20:36:10,2017-08-18 04:53:01,35%,8:16,,,60.60493827160494,7581
739,2017-08-25 23:37:21,2017-08-26 06:38:04,30%,7:00,,,60.60493827160494,10605
740,2017-08-27 22:15:33,2017-08-28 07:00:30,94%,8:44,,,60.60493827160494,13476
741,2017-08-28 22:03:24,2017-08-29 07:20:54,82%,9:17,,,60.60493827160494,3921
742,2017-08-30 23:01:16,2017-08-31 06:38:25,74%,7:37,,,60.60493827160494,3332
743,2017-08-31 23:01:05,2017-09-01 07:16:49,81%,8:15,,,60.60493827160494,3001
744,2017-09-01 22:33:45,2017-09-02 07:38:02,89%,9:04,,,60.60493827160494,7268
745,2017-09-03 00:46:32,2017-09-03 08:08:23,81%,7:21,,,60.60493827160494,4835
746,2017-09-03 23:07:20,2017-09-04 07:22:04,84%,8:14,,,60.60493827160494,3230
747,2017-09-04 22:49:42,2017-09-05 06:07:20,59%,7:17,,,60.60493827160494,1333
748,2017-09-05 22:38:20,2017-09-06 06:08:21,81%,7:30,,,60.60493827160494,8922
749,2017-09-06 22:02:41,2017-09-07 06:02:21,79%,7:59,,,60.60493827160494,5095
750,2017-09-07 22:26:23,2017-09-08 06:05:39,77%,7:39,,,60.60493827160494,5470
751,2017-09-09 21:24:16,2017-09-10 06:13:13,74%,8:48,,,60.60493827160494,2257
752,2017-09-11 22:39:00,2017-09-12 06:06:05,56%,7:27,,,60.60493827160494,12094
753,2017-09-12 22:03:48,2017-09-13 06:08:39,86%,8:04,,,60.60493827160494,6059
754,2017-09-13 23:43:45,2017-09-14 06:32:29,55%,6:48,,,60.60493827160494,6075
755,2017-09-14 22:06:34,2017-09-15 06:05:38,79%,7:59,,,60.60493827160494,4400
756,2017-09-16 00:18:13,2017-09-16 08:51:40,91%,8:33,,,60.60493827160494,4880
757,2017-09-17 22:50:59,2017-09-18 06:32:47,71%,7:41,,,60.60493827160494,7213
758,2017-09-18 22:19:43,2017-09-19 06:04:41,69%,7:44,,,60.60493827160494,3640
759,2017-09-19 22:16:47,2017-09-20 06:04:25,76%,7:47,,,60.60493827160494,5184
760,2017-09-20 22:04:28,2017-09-21 06:06:58,65%,8:02,,,60.60493827160494,4443
761,2017-09-21 22:23:28,2017-09-22 06:07:29,72%,7:44,,,60.60493827160494,5242
762,2017-09-24 21:44:24,2017-09-25 05:57:26,80%,8:13,,,60.60493827160494,5142
763,2017-09-25 22:17:38,2017-09-26 06:19:01,73%,8:01,,,60.60493827160494,5050
764,2017-09-26 23:01:43,2017-09-27 05:49:35,66%,6:47,,,60.60493827160494,1706
765,2017-09-27 22:06:02,2017-09-28 06:08:22,83%,8:02,,,60.60493827160494,10076
766,2017-09-28 23:36:21,2017-09-29 06:41:18,75%,7:04,,,60.60493827160494,5320
767,2017-09-29 23:14:44,2017-09-30 08:00:51,80%,8:46,,,60.60493827160494,2809
768,2017-10-01 00:03:39,2017-10-01 07:36:48,79%,7:33,,,60.60493827160494,6235
769,2017-10-01 21:44:19,2017-10-02 06:05:20,69%,8:21,,,60.60493827160494,2757
770,2017-10-02 22:55:18,2017-10-03 06:00:50,76%,7:05,,,60.60493827160494,5551
771,2017-10-03 21:41:07,2017-10-04 06:25:44,96%,8:44,,,60.60493827160494,3729
772,2017-10-04 22:44:21,2017-10-05 06:05:20,75%,7:20,,,60.60493827160494,7101
773,2017-10-05 21:24:20,2017-10-06 04:37:37,76%,7:13,,,60.60493827160494,4906
774,2017-10-06 22:56:47,2017-10-07 07:44:33,55%,8:47,,,60.60493827160494,4507
775,2017-10-07 21:57:55,2017-10-08 08:05:32,71%,10:07,,,60.60493827160494,1588
776,2017-10-09 22:27:21,2017-10-10 06:10:18,79%,7:42,,,60.60493827160494,3951
777,2017-10-10 22:23:41,2017-10-11 06:00:29,80%,7:36,,,60.60493827160494,5912
778,2017-10-11 22:32:30,2017-10-12 06:10:39,71%,7:38,,,60.60493827160494,5314
779,2017-10-12 22:22:18,2017-10-13 06:37:05,79%,8:14,,,60.60493827160494,3240
780,2017-10-13 23:03:57,2017-10-14 08:15:03,88%,9:11,,,60.60493827160494,356
781,2017-10-14 22:58:56,2017-10-15 07:24:01,80%,8:25,,,60.60493827160494,388
782,2017-10-15 22:47:15,2017-10-16 05:56:41,69%,7:09,,,60.60493827160494,4287
783,2017-10-16 21:51:31,2017-10-17 06:01:21,74%,8:09,,,60.60493827160494,7129
784,2017-10-17 21:41:00,2017-10-18 06:02:24,78%,8:21,,,60.60493827160494,3342
785,2017-10-19 00:01:27,2017-10-19 06:02:24,60%,6:00,,,60.60493827160494,4074
786,2017-10-19 21:13:33,2017-10-20 06:14:02,100%,9:00,,,60.60493827160494,907
787,2017-10-21 00:05:16,2017-10-21 07:57:15,89%,7:51,,,60.60493827160494,5899
788,2017-10-22 00:25:34,2017-10-22 07:45:57,79%,7:20,,,60.60493827160494,71
789,2017-10-22 21:50:11,2017-10-23 06:00:36,82%,8:10,,,60.60493827160494,5210
790,2017-10-23 22:18:50,2017-10-24 06:01:49,65%,7:42,,,60.60493827160494,6636
791,2017-10-24 22:15:22,2017-10-25 06:06:53,83%,7:51,,,60.60493827160494,5355
792,2017-10-25 21:55:37,2017-10-26 06:00:46,65%,8:05,,,60.60493827160494,4119
793,2017-10-27 01:50:09,2017-10-27 06:51:31,59%,5:01,,,60.60493827160494,5364
794,2017-10-28 22:51:22,2017-10-29 07:51:27,91%,9:00,,,60.60493827160494,1097
795,2017-10-29 22:26:09,2017-10-30 06:00:41,78%,7:34,,,60.60493827160494,1430
796,2017-10-30 22:52:29,2017-10-31 05:43:44,62%,6:51,,,60.60493827160494,7603
797,2017-10-31 23:29:23,2017-11-01 05:02:58,49%,5:33,,,60.60493827160494,9304
798,2017-11-02 21:25:12,2017-11-03 06:21:18,74%,8:56,,,60.60493827160494,5051
799,2017-11-03 23:23:48,2017-11-04 07:26:48,89%,8:02,,,60.60493827160494,787
800,2017-11-05 22:30:18,2017-11-06 06:05:55,70%,7:35,,,60.60493827160494,5504
801,2017-11-06 22:08:49,2017-11-07 05:58:38,75%,7:49,,,60.60493827160494,3709
802,2017-11-07 21:01:59,2017-11-08 05:45:28,90%,8:43,,,60.60493827160494,144
803,2017-11-08 23:11:50,2017-11-09 06:30:07,76%,7:18,,,60.60493827160494,6094
804,2017-11-09 22:04:06,2017-11-10 07:15:12,96%,9:11,,,60.60493827160494,847
805,2017-11-10 23:29:46,2017-11-11 07:21:04,83%,7:51,,,60.60493827160494,5919
806,2017-11-11 23:06:26,2017-11-12 07:18:05,84%,8:11,,,60.60493827160494,1751
807,2017-11-12 23:39:58,2017-11-13 08:30:57,79%,8:50,,,60.60493827160494,3789
808,2017-11-14 21:16:47,2017-11-15 06:50:55,93%,9:34,,,60.60493827160494,52
809,2017-11-15 21:23:57,2017-11-16 06:51:33,85%,9:27,,,60.60493827160494,27
810,2017-11-16 22:33:27,2017-11-17 06:07:47,80%,7:34,,,60.60493827160494,430
811,2017-11-17 23:08:36,2017-11-18 07:20:32,91%,8:11,,,60.60493827160494,3281
812,2017-11-19 21:58:13,2017-11-20 06:02:13,82%,8:04,,,60.60493827160494,4153
813,2017-11-20 22:26:32,2017-11-21 06:00:14,86%,7:33,,,60.60493827160494,6494
814,2017-11-21 22:26:00,2017-11-22 05:57:08,68%,7:31,,,60.60493827160494,9426
815,2017-11-22 22:34:51,2017-11-23 06:01:17,80%,7:26,,,60.60493827160494,7565
816,2017-11-23 22:56:54,2017-11-24 06:30:05,80%,7:33,,,60.60493827160494,5735
817,2017-11-25 23:14:12,2017-11-26 08:19:42,100%,9:05,,,60.60493827160494,5116
818,2017-11-26 22:10:04,2017-11-27 06:05:57,63%,7:55,,,60.60493827160494,27
819,2017-11-27 22:36:02,2017-11-28 05:58:49,73%,7:22,,,60.60493827160494,0
820,2017-11-28 22:54:56,2017-11-29 06:09:22,80%,7:14,,,60.60493827160494,6417
821,2017-11-29 22:33:33,2017-11-30 06:26:26,83%,7:52,,,60.60493827160494,0
822,2017-11-30 20:54:34,2017-12-01 05:55:40,77%,9:01,,,60.60493827160494,0
823,2017-12-03 23:10:31,2017-12-04 06:15:51,63%,7:05,,,60.60493827160494,3400
824,2017-12-04 21:20:58,2017-12-05 05:50:36,70%,8:29,,,60.60493827160494,6015
825,2017-12-05 22:56:23,2017-12-06 06:15:35,68%,7:19,,,60.60493827160494,3179
826,2017-12-06 21:56:53,2017-12-07 05:50:15,63%,7:53,,,60.60493827160494,6346
827,2017-12-07 22:04:25,2017-12-08 06:31:39,82%,8:27,,,60.60493827160494,218
828,2017-12-09 23:39:39,2017-12-10 08:15:38,95%,8:35,,,60.60493827160494,0
829,2017-12-10 22:16:12,2017-12-11 06:06:04,70%,7:49,,,60.60493827160494,96
830,2017-12-11 21:47:09,2017-12-12 05:57:00,68%,8:09,,,60.60493827160494,7339
831,2017-12-12 22:09:55,2017-12-13 05:55:21,72%,7:45,,,60.60493827160494,6970
832,2017-12-14 22:47:44,2017-12-15 05:51:51,60%,7:04,,,60.60493827160494,1566
833,2017-12-17 21:35:13,2017-12-18 06:08:30,80%,8:33,,,60.60493827160494,5184
834,2017-12-18 21:39:40,2017-12-19 06:05:47,79%,8:26,,,60.60493827160494,75
835,2017-12-19 22:05:48,2017-12-20 06:25:53,79%,8:20,,,60.60493827160494,3088
836,2017-12-20 21:30:02,2017-12-21 05:52:44,59%,8:22,,,60.60493827160494,4553
837,2017-12-21 22:10:42,2017-12-22 06:55:22,75%,8:44,,,60.60493827160494,1306
838,2017-12-26 21:19:56,2017-12-27 07:55:33,97%,10:35,,,60.60493827160494,373
839,2017-12-29 00:06:23,2017-12-29 07:57:09,75%,7:50,,,60.60493827160494,5168
840,2017-12-29 22:00:17,2017-12-30 08:08:59,75%,10:08,,,60.60493827160494,61
841,2018-01-01 21:30:48,2018-01-02 05:56:47,81%,8:25,,,60.60493827160494,2544
842,2018-01-02 22:31:35,2018-01-03 05:48:52,76%,7:17,,,60.60493827160494,475
843,2018-01-03 20:28:55,2018-01-04 03:40:00,0%,0:00,,,60.60493827160494,47
844,2018-01-04 22:19:49,2018-01-05 07:25:32,91%,9:05,,,60.60493827160494,5064
845,2018-01-06 23:13:54,2018-01-07 08:00:24,86%,8:46,,,60.60493827160494,2101
846,2018-01-07 22:09:01,2018-01-08 06:10:31,83%,8:01,,,60.60493827160494,1334
847,2018-01-08 22:53:56,2018-01-09 05:45:45,77%,6:51,,,60.60493827160494,2262
848,2018-01-09 22:22:48,2018-01-10 06:23:50,90%,8:01,,,60.60493827160494,4529
849,2018-01-10 21:31:25,2018-01-11 05:10:18,71%,7:38,,,60.60493827160494,6224
850,2018-01-11 21:54:18,2018-01-12 05:01:11,70%,7:06,,,60.60493827160494,47
851,2018-01-12 21:50:07,2018-01-13 07:38:38,70%,9:48,,,60.60493827160494,6296
852,2018-01-13 22:07:20,2018-01-14 07:09:23,64%,9:02,,,60.60493827160494,2405
853,2018-01-14 22:02:09,2018-01-15 05:50:20,73%,7:48,,,60.60493827160494,9237
854,2018-01-15 22:45:03,2018-01-16 06:00:21,79%,7:15,,,60.60493827160494,2818
855,2018-01-16 22:09:46,2018-01-17 06:01:27,71%,7:51,,,60.60493827160494,5752
856,2018-01-17 22:45:11,2018-01-18 06:12:22,84%,7:27,,,60.60493827160494,6631
857,2018-01-18 22:46:26,2018-01-19 06:48:42,59%,8:02,,,60.60493827160494,9516
858,2018-01-19 22:21:24,2018-01-20 08:22:57,71%,10:01,,,60.60493827160494,4454
859,2018-01-20 23:44:10,2018-01-21 07:01:39,67%,7:17,,,60.60493827160494,7253
860,2018-01-21 22:04:55,2018-01-22 06:01:48,84%,7:56,,,60.60493827160494,22
861,2018-01-22 23:15:57,2018-01-23 06:00:31,66%,6:44,,,60.60493827160494,2334
862,2018-01-23 21:41:50,2018-01-24 06:00:37,73%,8:18,,,60.60493827160494,2867
863,2018-01-24 20:58:39,2018-01-25 06:02:13,84%,9:03,,,60.60493827160494,4881
864,2018-01-25 23:17:03,2018-01-26 06:00:13,72%,6:43,,,60.60493827160494,2149
865,2018-01-26 22:13:41,2018-01-27 07:20:56,92%,9:07,,,60.60493827160494,1720
866,2018-01-28 01:21:47,2018-01-28 08:49:01,81%,7:27,,,60.60493827160494,6518
867,2018-01-28 21:30:54,2018-01-29 05:00:20,69%,7:29,,,60.60493827160494,29
868,2018-01-29 21:37:33,2018-01-30 06:01:01,79%,8:23,,,60.60493827160494,107
869,2018-01-30 22:18:44,2018-01-31 06:03:00,77%,7:44,,,60.60493827160494,5277
870,2018-01-31 22:29:56,2018-02-01 06:02:18,72%,7:32,,,60.60493827160494,1325
871,2018-02-01 21:25:06,2018-02-02 06:45:43,80%,9:20,,,60.60493827160494,3319
872,2018-02-03 02:20:39,2018-02-03 07:44:10,65%,5:23,,,60.60493827160494,4810
873,2018-02-03 08:32:14,2018-02-03 09:08:44,8%,0:36,,,60.60493827160494,166
874,2018-02-03 22:29:00,2018-02-04 07:37:14,96%,9:08,,,60.60493827160494,362
875,2018-02-04 23:09:25,2018-02-05 06:01:30,72%,6:52,,,60.60493827160494,2528
876,2018-02-05 22:02:05,2018-02-06 06:00:17,78%,7:58,,,60.60493827160494,7982
877,2018-02-06 21:44:05,2018-02-07 06:12:59,82%,8:28,,,60.60493827160494,5039
878,2018-02-07 23:18:52,2018-02-08 06:48:07,73%,7:29,,,60.60493827160494,2435
879,2018-02-08 22:41:38,2018-02-09 06:00:24,93%,7:18,,,60.60493827160494,68
880,2018-02-09 23:07:55,2018-02-10 07:26:34,76%,8:18,,,60.60493827160494,5598
881,2018-02-11 22:44:25,2018-02-12 07:08:28,91%,8:24,,,60.60493827160494,1901
882,2018-02-12 21:54:14,2018-02-13 07:02:15,91%,9:08,,,60.60493827160494,56
883,2018-02-13 23:49:19,2018-02-14 07:00:53,81%,7:11,,,60.60493827160494,64
884,2018-02-14 21:24:05,2018-02-15 06:20:52,71%,8:56,,,60.60493827160494,3316
885,2018-02-15 21:36:32,2018-02-16 06:50:31,80%,9:13,,,60.60493827160494,6555
886,2018-02-16 22:52:29,2018-02-17 07:48:04,91%,8:55,,,60.60493827160494,2291
